Du,Dd,Fu_Nq,Fd_Nq,Fu_NEvents,Fd_NEvents,Du_out,Dd_out,Fu_Nq_out,Fd_Nq_out,Fu_NEvents_out,Fd_NEvents_out,Du_in,Dd_in,Fu_Nq_in,Fd_Nq_in,Fu_NEvents_in,Fd_NEvents_in,Du_notIN,Dd_notIN,Fu_Nq_notIN,Fd_Nq_notIN,Fu_NEvents_notIN,Fd_NEvents_notIN,Du_notOUT,Dd_notOUT,Fu_Nq_notOUT,Fd_Nq_notOUT,Fu_NEvents_notOUT,Fd_NEvents_notOUT
-1.0,-1.0,0.2,0.75,0.19047619047619047,0.7142857142857143,0.0,0.0,0.0,0.0,0.0,0.0,-1.0,-1.0,0.42857142857142855,0.5714285714285714,0.42857142857142855,0.5714285714285714,-1.0,-1.0,0.07692307692307693,0.8461538461538461,0.07142857142857142,0.7857142857142857,-1.0,-1.0,0.2,0.75,0.19047619047619047,0.7142857142857143
-1.0,-1.0,0.30434782608695654,0.6956521739130435,0.30434782608695654,0.6956521739130435,0.0,0.0,0.0,0.0,0.0,0.0,-1.0,-1.0,0.4,0.6,0.4,0.6,-1.0,-1.0,0.2777777777777778,0.7222222222222222,0.2777777777777778,0.7222222222222222,-1.0,-1.0,0.30434782608695654,0.6956521739130435,0.30434782608695654,0.6956521739130435
-1.0,-1.0,0.22727272727272727,0.7272727272727273,0.21739130434782608,0.6956521739130435,0.0,0.0,0.0,0.0,0.0,0.0,-1.0,-1.0,0.3333333333333333,0.6666666666666666,0.3333333333333333,0.6666666666666666,-1.0,-1.0,0.1875,0.75,0.17647058823529413,0.7058823529411765,-1.0,-1.0,0.22727272727272727,0.7272727272727273,0.21739130434782608,0.6956521739130435
-1.0,-1.0,0.35714285714285715,0.6428571428571429,0.35714285714285715,0.6428571428571429,0.0,-1.0,0.0,1.0,0.0,1.0,-1.0,-1.0,0.75,0.25,0.75,0.25,-1.0,-1.0,0.2916666666666667,0.7083333333333334,0.2916666666666667,0.7083333333333334,-1.0,-1.0,0.37037037037037035,0.6296296296296297,0.37037037037037035,0.6296296296296297
-1.0,-0.9130434782608695,0.20689655172413793,0.7931034482758621,0.20689655172413793,0.7931034482758621,0.0,0.0,0.0,0.0,0.0,0.0,0.0,-1.0,0.0,1.0,0.0,1.0,-1.0,-0.8947368421052632,0.24,0.76,0.24,0.76,-1.0,-0.9130434782608695,0.20689655172413793,0.7931034482758621,0.20689655172413793,0.7931034482758621
-1.0,-1.0,0.2571428571428571,0.7142857142857143,0.25,0.6944444444444444,0.0,0.0,0.0,0.0,0.0,0.0,-1.0,-1.0,0.5,0.5,0.5,0.5,-1.0,-1.0,0.20689655172413793,0.7586206896551724,0.2,0.7333333333333333,-1.0,-1.0,0.2571428571428571,0.7142857142857143,0.25,0.6944444444444444
-1.0,-1.0,0.2558139534883721,0.7441860465116279,0.25,0.7272727272727273,0.0,-1.0,0.0,1.0,0.0,1.0,0.0,-1.0,0.0,1.0,0.0,1.0,-1.0,-1.0,0.2682926829268293,0.7317073170731707,0.2619047619047619,0.7142857142857143,-1.0,-1.0,0.2619047619047619,0.7380952380952381,0.2558139534883721,0.7209302325581395
-1.0,-1.0,0.16393442622950818,0.8360655737704918,0.15625,0.796875,0.0,-1.0,0.0,1.0,0.0,1.0,-1.0,-1.0,0.3333333333333333,0.6666666666666666,0.3333333333333333,0.6666666666666666,-1.0,-1.0,0.1346153846153846,0.8653846153846154,0.12727272727272726,0.8181818181818182,-1.0,-1.0,0.16666666666666666,0.8333333333333334,0.15873015873015872,0.7936507936507936
-1.0,-1.0,0.13636363636363635,0.8636363636363636,0.13432835820895522,0.8507462686567164,0.0,0.0,0.0,0.0,0.0,0.0,0.0,-1.0,0.0,1.0,0.0,1.0,-1.0,-1.0,0.16071428571428573,0.8392857142857143,0.15789473684210525,0.8245614035087719,-1.0,-1.0,0.13636363636363635,0.8636363636363636,0.13432835820895522,0.8507462686567164
-0.7647058823529411,-1.0,0.23943661971830985,0.7464788732394366,0.2125,0.6625,-1.0,-1.0,0.25,0.75,0.2,0.6,-1.0,-1.0,0.4,0.6,0.3333333333333333,0.5,-0.7333333333333333,-1.0,0.22727272727272727,0.7575757575757576,0.20270270270270271,0.6756756756756757,-0.75,-1.0,0.23880597014925373,0.746268656716418,0.21333333333333335,0.6666666666666666
-0.896551724137931,-0.9809885931558935,0.2454160789844852,0.7418899858956276,0.2396694214876033,0.7245179063360881,-1.0,-1.0,0.2,0.8,0.2,0.8,-0.96,-0.986013986013986,0.25773195876288657,0.7371134020618557,0.25510204081632654,0.7295918367346939,-0.8709677419354839,-0.97911227154047,0.2407766990291262,0.7436893203883496,0.2339622641509434,0.7226415094339622,-0.8959537572254336,-0.9808429118773946,0.24573863636363635,0.7414772727272727,0.23994452149791956,0.723994452149792
-0.8984771573604061,-0.9647749510763209,0.27285318559556787,0.7077562326869806,0.2651413189771198,0.6877523553162853,-0.5,-1.0,0.3076923076923077,0.6923076923076923,0.2857142857142857,0.6428571428571429,-1.0,-0.9759036144578314,0.3971631205673759,0.5886524822695035,0.38620689655172413,0.5724137931034483,-0.8581560283687943,-0.9626168224299065,0.24268502581755594,0.7366609294320138,0.23578595317725753,0.7157190635451505,-0.9067357512953368,-0.9641434262948207,0.27221438645980256,0.7080394922425952,0.26474622770919065,0.6886145404663924
-0.9318181818181818,-0.9848484848484849,0.24964539007092199,0.7489361702127659,0.24410540915395285,0.7323162274618585,-1.0,-1.0,0.2,0.8,0.2,0.8,-0.9661016949152542,-1.0,0.3959731543624161,0.6040268456375839,0.39072847682119205,0.5960264900662252,-0.9145299145299145,-0.9817351598173516,0.210431654676259,0.7877697841726619,0.20526315789473684,0.7684210526315789,-0.9310344827586207,-0.9846153846153847,0.2503597122302158,0.7482014388489209,0.24472573839662448,0.7313642756680732
-0.9381443298969072,-0.9853747714808044,0.2590120160213618,0.7303070761014686,0.24776500638569604,0.698595146871009,-1.0,-0.7142857142857143,0.3,0.7,0.3,0.7,-0.9459459459459459,-1.0,0.3162393162393162,0.6752136752136753,0.30578512396694213,0.6528925619834711,-0.9363057324840764,-0.9829059829059829,0.24841772151898733,0.740506329113924,0.23716012084592145,0.7069486404833837,-0.93717277486911,-0.9888888888888889,0.2584573748308525,0.7307171853856563,0.24708926261319533,0.6985769728331177
-0.907563025210084,-0.976271186440678,0.2836710369487485,0.7032181168057211,0.27578215527230593,0.6836616454229433,-1.0,-1.0,0.2,0.8,0.2,0.8,-0.9024390243902439,-1.0,0.30597014925373134,0.6865671641791045,0.3014705882352941,0.6764705882352942,-0.9086294416243654,-0.9718875502008032,0.2794326241134752,0.7063829787234043,0.27097661623108665,0.6850068775790922,-0.9067796610169492,-0.9759450171821306,0.28468033775633295,0.7020506634499397,0.27667057444314186,0.6822977725674091
-0.9650655021834061,-0.9779527559055118,0.2626146788990826,0.7282110091743119,0.25331858407079644,0.702433628318584,-1.0,-1.0,0.09090909090909091,0.9090909090909091,0.09090909090909091,0.9090909090909091,-1.0,-0.9726027397260274,0.42063492063492064,0.5793650793650794,0.4076923076923077,0.5615384615384615,-0.9545454545454546,-0.9786476868327402,0.2359249329758713,0.7533512064343163,0.22739018087855298,0.7260981912144703,-0.9649122807017544,-0.9776,0.26480836236933797,0.7259001161440186,0.2553191489361702,0.6998880179171333
-0.9411764705882353,-0.9803921568627451,0.27364185110663986,0.7183098591549296,0.2625482625482625,0.6891891891891891,-1.0,-1.0,0.2857142857142857,0.7142857142857143,0.26666666666666666,0.6666666666666666,-0.8928571428571429,-1.0,0.3146067415730337,0.6853932584269663,0.3111111111111111,0.6777777777777778,-0.9537037037037037,-0.9763513513513513,0.2647058823529412,0.7254901960784313,0.2523364485981308,0.6915887850467289,-0.9402985074626866,-0.9801136363636364,0.27346938775510204,0.7183673469387755,0.2624877571008815,0.6895200783545543
-0.930835734870317,-0.9794754846066135,0.28097165991902834,0.7101214574898785,0.26671790930053807,0.6740968485780169,-1.0,-1.0,0.2,0.8,0.2,0.8,-1.0,-0.9838709677419355,0.35751295336787564,0.6424870466321243,0.34673366834170855,0.6231155778894473,-0.9136690647482014,-0.9787516600265604,0.2667946257197697,0.7226487523992322,0.25226860254083483,0.6833030852994555,-0.9302325581395349,-0.9791907514450867,0.2819672131147541,0.7090163934426229,0.26749611197511663,0.6726283048211509
-0.9498956158663883,-0.978441127694859,0.28159905937683716,0.708994708994709,0.26566833056017747,0.6688851913477537,-1.0,-1.0,0.3125,0.6875,0.2631578947368421,0.5789473684210527,-0.9789473684210527,-0.9891891891891892,0.33807829181494664,0.6583629893238434,0.32646048109965636,0.6357388316151202,-0.9427083333333334,-0.9764936336924583,0.2704225352112676,0.7190140845070423,0.25396825396825395,0.6752645502645502,-0.9493670886075949,-0.9782426778242678,0.2813056379821958,0.7091988130563798,0.265695067264574,0.6698430493273543
-0.9433333333333334,-0.9742558326629123,0.3225806451612903,0.6682795698924732,0.27972027972027974,0.5794871794871795,-0.9310344827586207,-0.9636363636363636,0.34523809523809523,0.6547619047619048,0.3020833333333333,0.5729166666666666,-0.9714285714285714,-0.9504132231404959,0.3645833333333333,0.6302083333333334,0.3181818181818182,0.55,-0.939622641509434,-0.9768270944741533,0.31774580335731417,0.6726618705035972,0.2753246753246753,0.5828571428571429,-0.9439579684763573,-0.9747474747474747,0.32150900900900903,0.668918918918919,0.27867252318204,0.5797950219619327
-0.9049415314975481,-0.9777096684313179,0.2667807185267183,0.722350810103653,0.2584072521688274,0.6996783312213666,-0.7818181818181819,-0.9680851063829787,0.22088353413654618,0.7550200803212851,0.20833333333333334,0.7121212121212122,-0.9035916824196597,-0.97976011994003,0.28138297872340423,0.7095744680851064,0.27303225806451614,0.6885161290322581,-0.9058380414312618,-0.9764966740576496,0.2578921806702283,0.7301278937995791,0.24953007518796994,0.706453634085213,-0.9075500770416025,-0.9779685264663805,0.26796036333608586,0.7215111478117259,0.25972986493246625,0.6993496748374187
-0.9174064067927441,-0.9778082191780821,0.2592814970479336,0.7305113579505654,0.25118759088705767,0.7077072224915172,-0.8571428571428571,-1.0,0.21761658031088082,0.7616580310880829,0.2079207920792079,0.7277227722772277,-0.9357512953367876,-0.984596676124848,0.2783386212864148,0.7115661955581194,0.2689520624303233,0.6875696767001115,-0.906519065190652,-0.9743430581419408,0.24915721728470733,0.7405761569108182,0.24171250185818344,0.7184480451910212,-0.9183993723028638,-0.9773521599328953,0.26010204081632654,0.7298979591836735,0.252051814496193,0.7073074260852368
-0.9008446566287184,-0.9804786736194678,0.26436893203883494,0.726116504854369,0.2558248778654641,0.7026493799323562,-0.8888888888888888,-0.9852941176470589,0.20809248554913296,0.7861271676300579,0.1935483870967742,0.7311827956989247,-0.9162512462612163,-0.9856721449641803,0.29448032883147385,0.6967116852613036,0.2859179019384265,0.6764538198403649,-0.891860465116279,-0.9780650215432825,0.24949231215549753,0.7406440382941688,0.24103139013452915,0.7155269058295964,-0.9010048381094157,-0.9803894865858641,0.2653303051249136,0.7250913399822257,0.2569324918722509,0.7021419009370816
-0.9237699237699237,-0.9776041666666667,0.2707063127286371,0.7203827033111341,0.2613183629119884,0.695400217312568,-0.9272727272727272,-0.978021978021978,0.22821576763485477,0.7551867219917012,0.2131782945736434,0.7054263565891473,-0.9297124600638977,-0.9769809650287737,0.2908921933085502,0.699814126394052,0.2814748201438849,0.677158273381295,-0.9209039548022598,-0.977863862755949,0.2619399973092964,0.7293152159289654,0.2525947067981318,0.7032952776336274,-0.9237018721299894,-0.9775940250733529,0.2716890595009597,0.7195777351247601,0.26246986834785835,0.6951603931021695
-0.919047619047619,-0.9761244423007356,0.2588483888008452,0.7301461524916358,0.24919477877606375,0.7029157484319376,-0.8095238095238095,-0.9590163934426229,0.24925816023738873,0.7240356083086054,0.22950819672131148,0.6666666666666666,-0.9244851258581236,-0.9727644121652292,0.2811193309745899,0.7085879704084915,0.2703371481596041,0.6814104546860501,-0.9167473378509197,-0.9773399014778326,0.25045460055764335,0.7382713056128015,0.24121424401634559,0.7110332749562172,-0.9222689075630253,-0.9766430612498447,0.2591416386897741,0.730333000635151,0.2498250524842547,0.7040762771168649
-0.922874671340929,-0.9786180508665316,0.2750281214848144,0.7139643258878354,0.2643039147556173,0.6861246235811906,-0.7283950617283951,-0.9737704918032787,0.20454545454545456,0.7702020202020202,0.18663594470046083,0.7027649769585254,-0.9225130890052357,-0.9757303370786516,0.29723000311235603,0.6924992219109866,0.2839726434730895,0.6616116562592923,-0.9230145867098866,-0.9795826452484612,0.2673020686667389,0.7214339867865266,0.25740508969545267,0.6947225698790155,-0.9275882704967086,-0.9787903507749679,0.277344398340249,0.7121161825726141,0.26699688423743706,0.685547655188943
-0.9348516949152542,-0.97942427539816,0.2693103202339348,0.7209899436559447,0.25680087051142547,0.6875,-0.900990099009901,-0.976401179941003,0.22246696035242292,0.7466960352422908,0.20119521912350596,0.6752988047808764,-0.9420018709073901,-0.9829391236913533,0.28930987821380244,0.6979702300405954,0.27466598150051386,0.6626413155190134,-0.9320280753601773,-0.9782204515272245,0.2621537865582026,0.7292271934921557,0.25036995930447653,0.6964483906770256,-0.9357823129251701,-0.9795291709314228,0.27087786540871234,0.7201297265423454,0.25876637093367133,0.6879312772848895
-0.9384682522365263,-0.9787287496859559,0.2743325751227104,0.714773135400455,0.2604273212865098,0.6785430162518468,-0.7647058823529411,-0.9806451612903225,0.2103960396039604,0.7673267326732673,0.19015659955257272,0.6935123042505593,-0.9394833948339484,-0.980422147445702,0.28990158322635856,0.6994009413778348,0.27340597255851495,0.6596045197740112,-0.9380421313506815,-0.978090405904059,0.2682845744680851,0.7207446808510638,0.2553393450403417,0.6859674102199019,-0.9417518897287683,-0.9786776717393173,0.2759170653907496,0.7134707397865293,0.2622587604221328,0.6781528773832429
-0.9412825979990159,-0.9777777777777777,0.28793388429752065,0.7012987012987013,0.2683302526186075,0.6535516239767626,-0.891156462585034,-0.9835616438356164,0.27893738140417457,0.6925996204933587,0.2441860465116279,0.606312292358804,-0.9189497716894978,-0.9716713881019831,0.2890135268888156,0.698779280765424,0.26614005772444177,0.6434756190186844,-0.9502876869965478,-0.9802148106274732,0.2875008271024945,0.7023092701647589,0.2692236198029618,0.6576615651527357,-0.9425210084033614,-0.9776320331377287,0.2881635025184037,0.701520728399845,0.2689873417721519,0.6548372513562387
-0.9597834493426141,-0.9783146281148944,0.3275767428112992,0.6659207026136892,0.2840093717967492,0.5773539317616049,-0.9596638655462185,-0.9908571428571429,0.40366350067842605,0.5936227951153324,0.34714119019836637,0.5105017502917153,-0.9264018691588785,-0.9742033383915023,0.2990393013100437,0.6906550218340611,0.24815190607334398,0.5731265400782722,-0.9692358584187892,-0.9796902767199797,0.3366744626350373,0.6580354159705981,0.2961257775383259,0.578782387226331,-0.9597933826608963,-0.977577873254565,0.322526903507587,0.6707190778513216,0.27978282946644795,0.5818295445668307
-0.9139026111503176,-0.9852318121292821,0.2525171522765749,0.7360776975853158,0.24583622484385842,0.7166030534351145,-0.7058823529411765,-0.9558823529411765,0.19653179190751446,0.7861271676300579,0.18888888888888888,0.7555555555555555,-0.8960593946316391,-0.9835438193647149,0.24749116607773852,0.7386572438162544,0.23983016025202028,0.7157923572113409,-0.9427516158818098,-0.9881383855024711,0.2610896817743491,0.7316779170684667,0.25621007806955287,0.7180033120416371,-0.9164285714285715,-0.9857230769230769,0.25339366515837103,0.7352941176470589,0.24673951357067325,0.7159851956291857
-0.9119153294639809,-0.9817535545023697,0.25531729428172945,0.7357043235704324,0.24798916264499196,0.7145880958428583,-0.8604651162790697,-0.9850746268656716,0.24157303370786518,0.7528089887640449,0.23243243243243245,0.7243243243243244,-0.8865866957470011,-0.9815451420300344,0.24660481376899288,0.7431760118327283,0.23867777199375326,0.7192868297761582,-0.954337899543379,-0.9821489872983179,0.27137546468401486,0.7219330855018588,0.26532590259268235,0.7058395929246426,-0.9126819126819127,-0.981699975921021,0.25553391181158136,0.7354347441119178,0.24823671082057458,0.7144331670393944
-0.9151266255989049,-0.9823132417966023,0.2510956432070121,0.7385064879264415,0.24396760457543626,0.7175419554145446,-0.8518518518518519,-0.981651376146789,0.19424460431654678,0.7841726618705036,0.18,0.7266666666666667,-0.9038974906567004,-0.9777660137638963,0.245478374836173,0.7427260812581914,0.23778088104608353,0.7194363336295544,-0.9351763584366063,-0.9911171848308848,0.2617918642375842,0.7304716745695033,0.25585365853658537,0.7139024390243902,-0.9157167530224525,-0.9823217442545669,0.25178291876848147,0.7379544268568446,0.24477889574701953,0.7174262281220936
-0.9203947368421053,-0.9830015656452695,0.25132275132275134,0.7392526455026455,0.2442159383033419,0.7183483290488432,-0.7575757575757576,-1.0,0.2727272727272727,0.7107438016528925,0.2661290322580645,0.6935483870967742,-0.9083292262198127,-0.9811819082205349,0.24810467106872097,0.7407679139153828,0.2401751893939394,0.717092803030303,-0.9446092977250248,-0.9868238557558946,0.25803981623277183,0.736089841755998,0.25275,0.721,-0.9221815763219156,-0.982836495031617,0.2511064718162839,0.7395407098121085,0.24399545602077247,0.7185978578383642
-0.9266606552449654,-0.9832610043397396,0.2533120146185473,0.7368661489264504,0.24582532880153687,0.715087926703118,-1.0,-1.0,0.175,0.825,0.175,0.825,-0.9138840070298769,-0.9805825242718447,0.24795729382285653,0.74060355158514,0.23973035601432482,0.7160311775858437,-0.9543292102759277,-0.9895833333333334,0.2657395701643489,0.7281921618204804,0.26014851485148516,0.7128712871287128,-0.9263507395110172,-0.9831460674157303,0.25379194116745823,0.7363260303355293,0.24624646945146425,0.7144343689609038
-0.920687742651137,-0.9848939672702625,0.2564175495982365,0.7343383346369907,0.24756281752025264,0.708979816009886,-0.9130434782608695,-0.975,0.21904761904761905,0.7619047619047619,0.21495327102803738,0.7476635514018691,-0.9130084575110753,-0.9824829695537328,0.2537816843826656,0.7351798855273917,0.2438138256087981,0.7063040062843676,-0.93766696349065,-0.990427568602425,0.2624444963776583,0.7324141154475344,0.2562756732085806,0.7151985394796896,-0.9207368127267653,-0.9849712110861716,0.256698667430864,0.734130964321536,0.24780413583235356,0.7086935472715955
-0.9271157995684488,-0.9848405645582854,0.2643554316136392,0.7274686272024338,0.25360248069556757,0.6978780324679272,-0.88,-0.9733333333333334,0.24630541871921183,0.7389162561576355,0.22727272727272727,0.6818181818181818,-0.9115442278860569,-0.9828654277052854,0.2576533075808788,0.7326895219700628,0.2450179079805308,0.6967581963449353,-0.9547571523619428,-0.9886918529940889,0.2771528674165591,0.7174995390005532,0.27042101475350844,0.700071968333933,-0.9276874545013346,-0.9849929378531074,0.2645906902086677,0.7273194221508829,0.25395945029888456,0.6980957663154003
-0.9432227109156337,-0.9830633284241531,0.26667377512395374,0.7239963746867836,0.2542312579415502,0.6902160101651842,-0.9655172413793104,-0.9634146341463414,0.2577777777777778,0.7288888888888889,0.24786324786324787,0.7008547008547008,-0.9293668469615017,-0.9807799754162476,0.25718026348089357,0.7322641355044596,0.24328508398482854,0.6927006734267358,-0.9666487358795051,-0.9874757071906716,0.2844247246022032,0.7085373317013464,0.27516281823564237,0.6854647720544701,-0.9429611650485437,-0.9833035181872392,0.26678178286207643,0.7239369738830131,0.25430790597191505,0.6900879584383519
-0.95457373988799,-0.9866269527688286,0.278690656839367,0.7132451766746152,0.2606333373879901,0.6670315857762641,-0.9625,-0.9862068965517241,0.3524229074889868,0.6387665198237885,0.3333333333333333,0.6041666666666666,-0.9387019230769231,-0.9827639912781643,0.2543370271303019,0.7360336262896446,0.23504484779998588,0.6802034041952115,-0.9716129032258064,-0.9920821114369501,0.3106212424849699,0.6833667334669339,0.29512566641279514,0.6492764661081493,-0.9543714103382259,-0.986634490439948,0.2772102074211667,0.7147406129759851,0.2591903403217136,0.6682793698052351
-0.9681769147788565,-0.9803655223511978,0.31210807625941667,0.6816211438912504,0.2754931461049816,0.6016568223188082,-0.9748603351955307,-0.9804913294797688,0.3380547686496695,0.6534466477809254,0.28056426332288403,0.542319749216301,-0.9403389830508475,-0.9762931034482759,0.28159602901870945,0.7086674303169148,0.24628485556854232,0.6198029721155451,-0.9750883689614543,-0.981576417814803,0.3207363817956055,0.6739728985585488,0.28385093167701864,0.5964644051600574,-0.9665775401069518,-0.9803395889186773,0.3064788732394366,0.6877336747759283,0.2743066697226679,0.6155397662159064
-0.9246401354784082,-0.9825838686652392,0.25015886464732046,0.7418979029866554,0.2439578599462921,0.7235075397645114,-0.42857142857142855,-1.0,0.25925925925925924,0.7160493827160493,0.2441860465116279,0.6744186046511628,-0.9224537037037037,-0.9789552799699361,0.24279893213432627,0.7477869888998173,0.23635617562576938,0.727944193680755,-0.9305993690851735,-0.994058229352347,0.27268817204301077,0.7238709677419355,0.26739772247996624,0.7098270771826234,-0.9290901324220419,-0.9824384626457464,0.25008011964533705,0.7421215682085247,0.24395581492288454,0.7239474781158817
-0.9247863247863248,-0.9888730385164052,0.24853956452469464,0.7445565586829528,0.24258760107816713,0.7267261040845947,-1.0,-1.0,0.18181818181818182,0.7922077922077922,0.17721518987341772,0.7721518987341772,-0.9099415204678363,-0.9870426829268293,0.24379811804961504,0.7482178500142572,0.23697339246119734,0.7272727272727273,-0.9650793650793651,-0.9943246311010215,0.26239067055393583,0.7338608912952936,0.25925925925925924,0.7251028806584362,-0.9243336199484092,-0.9887753633616347,0.2490897408438638,0.7441636324694796,0.24312741716316505,0.7263509982230584
-0.9139261063743402,-0.9879753914988815,0.2540746853723953,0.7377759438828141,0.24763724110195054,0.7190830484616931,-1.0,-1.0,0.1724137931034483,0.8160919540229885,0.16666666666666666,0.7888888888888889,-0.8946224877783813,-0.9870153960304211,0.2521917808219178,0.7384931506849315,0.24504192732596833,0.7175562358578464,-0.9710610932475884,-0.9909142532651902,0.2598162071846282,0.7355889724310777,0.25565145910398684,0.7237977805178791,-0.9133986928104575,-0.9878548227651461,0.2548141979806391,0.7370667221817425,0.2483766233766234,0.7184456168831169
-0.9247699079631853,-0.9891763463569165,0.24608567208271787,0.7460364352535697,0.2391158740790355,0.7249067074921061,-1.0,-0.9682539682539683,0.14864864864864866,0.8513513513513513,0.14473684210526316,0.8289473684210527,-0.9127659574468086,-0.9890542158371814,0.24111837886366552,0.7499038091573682,0.23325062034739455,0.7254342431761787,-0.9612277867528272,-0.9895893580104106,0.2625106022052587,0.7332485156912638,0.2588874947720619,0.7231283981597658,-0.9244372990353698,-0.9893517902302675,0.2468009126078762,0.7452633667294911,0.23980722891566264,0.724144578313253
-0.9381898454746137,-0.9857397504456328,0.25466129485617917,0.73587557387801,0.24648589824975062,0.712251745715063,-0.8571428571428571,-0.9666666666666667,0.18421052631578946,0.7894736842105263,0.1728395061728395,0.7407407407407407,-0.9275929549902152,-0.9835004852798447,0.2458503728650469,0.743565070964638,0.23682076236820762,0.716255358591125,-0.9703264094955489,-0.9940191387559809,0.2857142857142857,0.708774904620602,0.28130217028380633,0.6978297161936561,-0.9386094674556213,-0.9858865794200667,0.2551665565726149,0.7354911767481362,0.24703087885985747,0.7120409281929472
-0.940026075619296,-0.9857259857259857,0.26202066786232814,0.7299513194978222,0.25365853658536586,0.7066556428276147,-0.8461538461538461,-1.0,0.22807017543859648,0.7719298245614035,0.22033898305084745,0.7457627118644068,-0.9320910973084886,-0.9837986402430204,0.25647833474936277,0.7341758708581139,0.24751460489904684,0.7085169621809982,-0.9693721286370597,-0.9938800489596084,0.2847797645006542,0.7126035761011775,0.27929854576561164,0.6988879384088965,-0.9404255319148936,-0.9856521227801952,0.26218674905595607,0.7297459663577068,0.2538218677301429,0.7064639415088069
-0.9422604422604423,-0.9862593806151569,0.25401778748634735,0.7381026681229521,0.24426106526631658,0.7097524381095274,-1.0,-1.0,0.12903225806451613,0.8709677419354839,0.12121212121212122,0.8181818181818182,-0.9357336430507163,-0.9838378655720883,0.2466342022343168,0.7443903370571947,0.23621399176954733,0.7129401005944216,-0.9673105497771174,-0.9975975975975976,0.28699360341151386,0.7100213219616205,0.2810020876826722,0.6951983298538622,-0.942189421894219,-0.9862200551197795,0.25432079455697193,0.7377805583796043,0.24456644355869744,0.7094833421072423
-0.9454220862024993,-0.9881440948472412,0.2615220436203562,0.7313412926032148,0.24982478496336413,0.6986301369863014,-0.9420289855072463,-0.9846153846153847,0.34673366834170855,0.6532663316582915,0.3399014778325123,0.6403940886699507,-0.9319984888553079,-0.9865705048495399,0.24559287437372426,0.746149563926517,0.23288755938764738,0.7075488298433926,-0.9733124018838305,-0.9924734861443723,0.3022538552787663,0.6934756820877818,0.29429429429429427,0.6752136752136753,-0.9454828660436138,-0.9881864328564837,0.26037582803839393,0.7323915100716507,0.24864446165762974,0.6993932352181771
-0.9570990806945863,-0.984609465178915,0.27129634761403315,0.7202239095494097,0.2544972444629302,0.6756264947488821,-0.9851851851851852,-0.9783783783783784,0.26627218934911245,0.7297830374753451,0.24725274725274726,0.6776556776556777,-0.9479289940828403,-0.9802686817800168,0.2594412035615597,0.7313478661344796,0.24341062941091748,0.6861587210139709,-0.9619344773790952,-0.9871218563965496,0.27799462225691735,0.713938763119091,0.26075990562199985,0.6696769994304775,-0.9563025210084034,-0.9847920792079208,0.27144160583941607,0.7199475364963503,0.254708904109589,0.6755672089041096
-0.9765294343978453,-0.9825283494330114,0.30252589919683387,0.6928762658596206,0.26730432993931913,0.6122081662038465,-0.9649546827794562,-0.9816207184628237,0.3138630760477906,0.6810164991465959,0.26261504284354176,0.5698191050460172,-0.9801488833746899,-0.9838274932614556,0.26495726495726496,0.7317554240631163,0.2467850581751378,0.68156766687079,-0.9762252346193953,-0.9823943661971831,0.30617457378200624,0.6891003128791265,0.2691854263739965,0.605849660360411,-0.9819362122495061,-0.9829203752706278,0.2975060878327315,0.6981274666218826,0.26955264759586123,0.6325319537431527
-0.9220183486238532,-0.9884090484202654,0.24364347583123777,0.7472757753562448,0.23841421736158577,0.7312371838687628,-1.0,-1.0,0.10416666666666667,0.8958333333333334,0.10204081632653061,0.8775510204081632,-0.9079620160701242,-0.9861623616236163,0.23738512224726893,0.751864054100919,0.23175893008295242,0.734044354156086,-0.9733333333333334,-0.998025666337611,0.2695902228612509,0.728253055355859,0.2663352272727273,0.7194602272727273,-0.921794134560092,-0.9883151149641914,0.24458509142053445,0.7462728551336146,0.23933388384255436,0.7302504816955684
-0.9237057220708447,-0.9922907488986784,0.2498298162014976,0.7417290673927842,0.24314297071684113,0.7218762422154499,-0.6666666666666666,-1.0,0.13953488372093023,0.8372093023255814,0.13333333333333333,0.8,-0.912747102931152,-0.9904567143830948,0.24780405405405406,0.7434121621621622,0.24009819967266777,0.7202945990180033,-0.967391304347826,-1.0,0.2582456140350877,0.7347368421052631,0.25608907446068196,0.7286012526096033,-0.9245489338436303,-0.9922394678492239,0.25047932073404544,0.7411668036154478,0.24380165289256198,0.7214076246334311
-0.9288061336254108,-0.9897209985315712,0.2493513587327598,0.7439573945104465,0.24269005847953215,0.7240829346092504,-1.0,-1.0,0.16279069767441862,0.8372093023255814,0.16279069767441862,0.8372093023255814,-0.9144237405106971,-0.9880870561282933,0.2471431008016374,0.7444994030359884,0.23950413223140496,0.7214876033057851,-0.9840848806366048,-0.9963065558633426,0.2582191780821918,0.7417808219178083,0.25576662143826323,0.7347354138398915,-0.9285321605277626,-0.9896526237989652,0.24986263736263736,0.7434065934065934,0.2431493115893597,0.7234326961636145
-0.9427083333333334,-0.9881985421728566,0.24770997290672173,0.743387949941943,0.24108488196885988,0.7235057759919639,-1.0,-1.0,0.13043478260869565,0.8478260869565217,0.1276595744680851,0.8297872340425532,-0.9372197309417041,-0.9863072314933675,0.2477777777777778,0.741904761904762,0.2405609492988134,0.720295885344429,-0.9665738161559888,-0.9963235294117647,0.2474155754651964,0.7498277050310131,0.24338983050847457,0.7376271186440678,-0.9425287356321839,-0.9881181198672025,0.24841012329656068,0.7427644386761842,0.24175824175824176,0.7228748263231022
-0.9398718580581568,-0.9882333714659258,0.24731838127742564,0.7458556801560214,0.23994796594134343,0.7236281929990539,-1.0,-1.0,0.1794871794871795,0.8205128205128205,0.17073170731707318,0.7804878048780488,-0.9385749385749386,-0.98640543782487,0.24374906423117232,0.7489145081599041,0.2358394900767782,0.7246124873243517,-0.9451371571072319,-0.9964189794091316,0.26295081967213113,0.7324590163934426,0.25820991629104956,0.7192530585962653,-0.9396636993076162,-0.988171513060621,0.24764237599510103,0.745499081445193,0.24028520499108735,0.7233511586452763
-0.934622467771639,-0.9897816999535531,0.24977000919963202,0.7427552897884084,0.24184389266228706,0.719184945997105,-1.0,-1.0,0.30952380952380953,0.6666666666666666,0.3023255813953488,0.6511627906976745,-0.9248878923766816,-0.9883524328386248,0.2489881367759944,0.742916957431961,0.24001076281447598,0.7161307681958832,-0.979381443298969,-0.9964788732394366,0.2534291312867407,0.7419986936642717,0.25064599483204136,0.7338501291989664,-0.9342288096340898,-0.9897372103871871,0.2494800092442801,0.7431245666743702,0.24155292011635712,0.7195121951219512
-0.9511002444987775,-0.9908714876622451,0.2570979570455736,0.7345206914614981,0.24715479907342128,0.7061134051767549,-0.875,-1.0,0.42105263157894735,0.5789473684210527,0.4,0.55,-0.9407407407407408,-0.9904996481351162,0.24728509747481356,0.743687033887217,0.23636818409204602,0.7108554277138569,-0.9858156028368794,-0.9924642049736248,0.29652996845425866,0.6976866456361724,0.2917744438696327,0.686497672012416,-0.9515996718621821,-0.9908427528974102,0.2564426212264647,0.7351425265593773,0.2465365557690363,0.7067448680351907
-0.9588053553038105,-0.9878033602986932,0.26400217509516044,0.7282037339133587,0.25247009880395216,0.6963945224475646,-1.0,-1.0,0.2897196261682243,0.7102803738317757,0.28703703703703703,0.7037037037037037,-0.947103274559194,-0.9820587575689617,0.2601999016876946,0.7306242831394396,0.24712107065048242,0.6938997821350763,-0.9728301886792453,-0.9949664429530202,0.26870817278442505,0.7252078685864937,0.2591940532081377,0.6995305164319249,-0.9583622484385843,-0.9876868953386104,0.263750343186602,0.7283792440743113,0.2521434820647419,0.6963254593175853
-0.9579242636746143,-0.9892166190929274,0.2719713152273421,0.7216203844980165,0.25555555555555554,0.6780645161290323,-0.9751552795031055,-0.9731182795698925,0.2987012987012987,0.6901669758812616,0.2795138888888889,0.6458333333333334,-0.9623233908948194,-0.9908098793796669,0.26641572563780846,0.7281472187369301,0.2531796502384738,0.6919713831478538,-0.9569672131147541,-0.9888572168955688,0.27321078660072784,0.720164225062984,0.2560783627776806,0.6750043729228616,-0.9571092831962397,-0.9898756465280071,0.27082504574747396,0.7229692099610152,0.2545237027067444,0.6794526693584567
-0.9777191439460569,-0.9857958148383006,0.30074061012167164,0.6952036677834597,0.2660063947594167,0.6149107073227794,-0.9578947368421052,-0.9837133550488599,0.3157894736842105,0.6803324099722992,0.26536312849162014,0.5716945996275605,-1.0,-0.9958419958419958,0.2777777777777778,0.7222222222222222,0.2605633802816901,0.6774647887323944,-0.9764414135151891,-0.9851431658562939,0.30217309853877855,0.6935181715998502,0.2663254354825394,0.6112441178898704,-0.9876706296785557,-0.9867378891140173,0.29371443352302123,0.7021469218830833,0.2663304796528674,0.6366834760173566
-0.9336158192090396,-0.987192118226601,0.2565682188802319,0.7356405145859757,0.2510193228151037,0.7197305442297465,-1.0,-1.0,0.14285714285714285,0.8571428571428571,0.14285714285714285,0.8571428571428571,-0.9202772963604853,-0.9857397504456328,0.2530146897610173,0.7379960534970401,0.24695056708752408,0.7203081532206291,-0.9923664122137404,-0.9942363112391931,0.27348643006263046,0.7244258872651357,0.2706611570247934,0.7169421487603306,-0.93342776203966,-0.9871159563924677,0.2571480604625751,0.7350209433618649,0.2515588811687155,0.7190450739355069
-0.9294964028776979,-0.9887886912015599,0.25103846848473904,0.7410149900668231,0.24588713957190872,0.7258093047939147,-0.75,-1.0,0.24242424242424243,0.7272727272727273,0.23529411764705882,0.7058823529411765,-0.9206349206349206,-0.9883279836591772,0.24641460234680573,0.7446762277270752,0.24071322436849926,0.7274464020377839,-0.96875,-0.9911242603550295,0.2737967914438503,0.7229946524064171,0.27176220806794055,0.7176220806794055,-0.9305354558610709,-0.9887227261583722,0.25109011627906974,0.7410973837209303,0.24595123687488876,0.7259298807617014
-0.9371508379888268,-0.9890900074386313,0.26031630612615886,0.7331394291946919,0.2544420753375977,0.7165955934612651,-1.0,-1.0,0.22727272727272727,0.7727272727272727,0.22727272727272727,0.7727272727272727,-0.9256698357821953,-0.986881335718545,0.25462147887323944,0.7381161971830986,0.24838986689566336,0.7200515242593388,-0.9854545454545455,-1.0,0.28735632183908044,0.709508881922675,0.28350515463917525,0.7,-0.9369306236860546,-0.9890438247011952,0.26044898704143093,0.7329804708888483,0.2545486978237603,0.716375312165537
-0.9404255319148936,-0.993943629163755,0.24517475221700574,0.7464788732394366,0.23914518317503392,0.7281207598371777,-1.0,-1.0,0.13793103448275862,0.8620689655172413,0.13793103448275862,0.8620689655172413,-0.9285714285714286,-0.9933110367892977,0.24011713030746706,0.7504706128425016,0.2335707019328586,0.7300101729399796,-0.9923664122137404,-0.9971631205673759,0.27010309278350514,0.7268041237113402,0.2670744138634047,0.7186544342507645,-0.9402560455192034,-0.9939081537019682,0.2457182803215659,0.7458930443900734,0.23964547468893813,0.7274586671211863
-0.9411764705882353,-0.9928347514554411,0.2490427834193441,0.7434659563842184,0.2421887647725433,0.7230046948356808,-1.0,-1.0,0.19230769230769232,0.8076923076923077,0.18518518518518517,0.7777777777777778,-0.9312602291325696,-0.9919978660976261,0.24371759074591146,0.7477064220183486,0.23604404095035736,0.7241645740776511,-0.9854014598540146,-0.99721059972106,0.2759315206445116,0.7220543806646526,0.274,0.717,-0.9409792085848424,-0.9928008998875141,0.24928941648553754,0.7431867580672128,0.2424390243902439,0.7227642276422764
-0.9402460456942003,-0.9887288666249218,0.26061068702290074,0.7314503816793894,0.251584377302874,0.7061164333087694,-1.0,-1.0,0.2619047619047619,0.7380952380952381,0.2558139534883721,0.7209302325581395,-0.9317000742390498,-0.9869674185463659,0.25018573551263,0.7410846953937593,0.240922911822572,0.7136469325702021,-0.9722222222222222,-0.9975031210986267,0.30874785591766724,0.6869639794168096,0.3015075376884422,0.6708542713567839,-0.9398584905660378,-0.988655462184874,0.2606023355869699,0.7314074984634297,0.25155740136458027,0.7060219519430436
-0.9484702093397746,-0.9897920604914934,0.2581047381546135,0.7328899972291494,0.2482675906183369,0.704957356076759,-0.8888888888888888,-1.0,0.34615384615384615,0.6538461538461539,0.34615384615384615,0.6538461538461539,-0.9457167090754877,-0.9876579488686453,0.254314063848145,0.7340379637618637,0.24274243360098827,0.7006382540662961,-0.9532163742690059,-0.9936406995230525,0.26491092176607284,0.7308288148721921,0.25840574234983,0.7128825085001889,-0.9490514905149051,-0.9897260273972602,0.25746581077309516,0.7334635780072565,0.24758454106280192,0.7053140096618358
-0.9621032685930838,-0.9897207469590543,0.2637760839685118,0.7293514931900538,0.251729072263296,0.6960410207488672,-1.0,-1.0,0.3783783783783784,0.6216216216216216,0.3783783783783784,0.6216216216216216,-0.9479843953185956,-0.9933491686460808,0.2646249139710943,0.7243633860977289,0.250733615911314,0.6863384414737529,-0.970193740685544,-0.9876741693461951,0.2632921326270355,0.7321954090641554,0.2523030644858056,0.7016356457980824,-0.9618502622794468,-0.9896800825593395,0.2632437860908863,0.72985187044941,0.2511678045274883,0.6963708228530363
-0.963166144200627,-0.9864068871771635,0.2765496315561335,0.7174902470741222,0.2587185725871857,0.6712287104622872,-0.9689922480620154,-0.9874213836477987,0.2873051224944321,0.7082405345211581,0.26597938144329897,0.6556701030927835,-0.9573170731707317,-0.9900744416873449,0.2884784520668426,0.7088830255057168,0.27424749163879597,0.6739130434782609,-0.9640287769784173,-0.9858985382631127,0.27487331603015697,0.7186997898900013,0.2565759113982464,0.6708583294877711,-0.9628559636813867,-0.9863557036331906,0.27599954436724,0.7179633215628204,0.2583431069410385,0.6720332658065892
-0.9747861323728051,-0.9870941722121396,0.30851507153771357,0.6888456730101403,0.2702932943896799,0.6035049288061336,-0.9693593314763231,-0.9806629834254144,0.33041877588587204,0.6663598711458812,0.27248576850094874,0.5495256166982923,-1.0,-0.9823008849557522,0.29375,0.70625,0.2781065088757396,0.6686390532544378,-0.9736718382698637,-0.9873230509190788,0.30920191888355864,0.6880360517517081,0.26995811651224777,0.6007107500951897,-0.9773785761809713,-0.9897465109655369,0.2990449661758854,0.6985674492638281,0.2692583303475457,0.6289860265137943
-0.9107505070993914,-0.9848275862068966,0.2511462047885889,0.738665308201732,0.2455179282868526,0.7221115537848606,-1.0,-1.0,0.13333333333333333,0.8666666666666667,0.13333333333333333,0.8666666666666667,-0.8941034897713598,-0.9840063974410236,0.24651438742212994,0.7419163452981311,0.2404513888888889,0.7236689814814815,-1.0,-0.9899749373433584,0.27927927927927926,0.7189189189189189,0.2767857142857143,0.7125,-0.9105691056910569,-0.9847592656737097,0.2515980567629762,0.738174379953976,0.2459385153711572,0.7215696075981005
-0.921455938697318,-0.9869536855838226,0.25217391304347825,0.7405797101449275,0.2465753424657534,0.7241379310344828,-1.0,-1.0,0.125,0.875,0.125,0.875,-0.9144144144144144,-0.9855293221629855,0.2505643340857788,0.7409706546275395,0.2444260941370768,0.7228186072116708,-0.9615384615384616,-0.9954545454545455,0.26174496644295303,0.738255033557047,0.259567387687188,0.7321131447587355,-0.9213051823416507,-0.9868938401048493,0.25266731328806985,0.7400581959262852,0.24703651019440492,0.723565670934092
-0.9319066147859922,-0.9928057553956835,0.24981773997569867,0.743134872417983,0.24342884205541085,0.7241297655695004,-1.0,-1.0,0.1875,0.75,0.1875,0.75,-0.923963133640553,-0.9915934275888422,0.24722301338649957,0.7453716889774993,0.2399778822228366,0.7235277854575615,-0.975,-1.0,0.26490066225165565,0.7301324503311258,0.264026402640264,0.7277227722772277,-0.9317073170731708,-0.9927774130006566,0.25006099048548425,0.7431080751402781,0.2436415497979558,0.7240313762776325
-0.9639810426540284,-0.9884984025559106,0.2505938242280285,0.7434679334916865,0.24376155268022182,0.7231977818853974,0.0,-1.0,0.0,1.0,0.0,1.0,-0.9574468085106383,-0.9866863905325444,0.24654886802871342,0.7465488680287135,0.23915372254954473,0.7241564006427423,-1.0,-1.0,0.2755102040816326,0.7244897959183674,0.2727272727272727,0.7171717171717171,-0.9639810426540284,-0.9884355926758753,0.25160982590031006,0.7424278559503935,0.24472280213407563,0.7221062398515425
-0.9120689655172414,-0.992154496077248,0.2576632607729898,0.7361172812083518,0.25026968716289105,0.7149946062567422,-1.0,-1.0,0.15,0.8,0.15,0.8,-0.8979166666666667,-0.992226148409894,0.25157232704402516,0.7416142557651991,0.243531202435312,0.7179096905124303,-0.98,-0.9917355371900827,0.2915451895043732,0.7055393586005831,0.2886002886002886,0.6984126984126984,-0.9118409680207433,-0.992116434202547,0.25814368585452924,0.7358322177599286,0.2507042253521127,0.714626218851571
-0.9315403422982885,-0.9888858016115588,0.25200246457178066,0.7391661532142124,0.24383942766295708,0.7152225755166932,-0.8461538461538461,-1.0,0.3611111111111111,0.6388888888888888,0.3611111111111111,0.6388888888888888,-0.9164785553047404,-0.9869230769230769,0.2515616127200454,0.7382169222032936,0.2415485278080698,0.7088331515812432,-0.9706744868035191,-0.993993993993994,0.25315515961395696,0.7416481069042317,0.25,0.7324046920821115,-0.9324546952224053,-0.9888143176733781,0.25118973722325677,0.7399130974549969,0.24299439551641314,0.7157726180944756
-0.9533483822422875,-0.9883455789206993,0.2500940910801656,0.7427549868272488,0.23980512450378924,0.7121977625405991,-1.0,-1.0,0.40350877192982454,0.5789473684210527,0.39655172413793105,0.5689655172413793,-0.9336823734729494,-0.9819106840022611,0.24228329809725158,0.7479915433403805,0.23039806996381182,0.7112987535182951,-0.9682539682539683,-0.9935720844811754,0.25635808748728384,0.7385554425228891,0.2474631751227496,0.7129296235679214,-0.9525267993874426,-0.9882473173224323,0.2484306638767358,0.7445311013886247,0.23814733770970095,0.7137126185266229
-0.9536050156739811,-0.9896616541353384,0.27052238805970147,0.7218453188602443,0.25734107776702164,0.6866731203614069,-1.0,-1.0,0.4146341463414634,0.5853658536585366,0.4146341463414634,0.5853658536585366,-0.96,-0.9893992932862191,0.25957170668397145,0.7345879299156391,0.24464831804281345,0.692354740061162,-0.9514644351464435,-0.9897567221510883,0.2743972445464983,0.7173363949483352,0.2618891080429542,0.6846373000219154,-0.9531051964512041,-0.9896030245746692,0.2695132365499573,0.722801024765158,0.25629364950462885,0.6873477342861783
-0.9620111731843576,-0.9892818863879957,0.27593648836133805,0.7191305688299676,0.2590448625180897,0.6751085383502171,-0.9,-0.9695431472081218,0.2857142857142857,0.7035714285714286,0.2507836990595611,0.6175548589341693,-0.9791666666666666,-0.9955257270693513,0.29906542056074764,0.6962616822429907,0.29003021148036257,0.675226586102719,-0.9599499374217773,-0.9886201991465149,0.2733960650128315,0.7216424294268605,0.2557618437900128,0.6750960307298336,-0.9649122807017544,-0.990152193375112,0.2754954084098598,0.7198324472369905,0.2594446973145198,0.6778940980124412
-0.9847009735744089,-0.9899465912661012,0.3103150625809236,0.6868795856711265,0.27080979284369117,0.5994350282485875,-0.9606879606879607,-0.9748110831234257,0.3371996685998343,0.6578293289146645,0.26971504307488403,0.5261762756792577,-1.0,-1.0,0.3006134969325153,0.6993865030674846,0.2934131736526946,0.6826347305389222,-0.9841612670986322,-0.9895731508634734,0.31066875419369266,0.6864236188772087,0.27007583122691037,0.5967334240715536,-0.9941804073714839,-0.9949769778149854,0.30084622118470966,0.6971111759556463,0.27124440936595634,0.6285188108392529
-0.8997429305912596,-0.981924988703118,0.2579575596816976,0.7337533156498673,0.2526794413770705,0.7187398506008444,-1.0,-1.0,0.2222222222222222,0.7777777777777778,0.2222222222222222,0.7777777777777778,-0.8873668188736682,-0.9793601651186791,0.2509549274255157,0.7402597402597403,0.24542398206948077,0.7239447142323496,-0.9669421487603306,-1.0,0.30402010050251255,0.6909547738693468,0.3009950248756219,0.6840796019900498,-0.8994845360824743,-0.9818676337262012,0.25806451612903225,0.7336215497173263,0.25276872964169383,0.7185667752442997
-0.9433719433719434,-0.9909747292418772,0.25788250912711586,0.7354795884500498,0.25145631067961166,0.7171521035598706,-1.0,-1.0,0.21428571428571427,0.7142857142857143,0.21428571428571427,0.7142857142857143,-0.9365558912386707,-0.9898167006109979,0.2503782148260212,0.7428139183055976,0.24392041267501843,0.7236551215917465,-0.9826086956521739,-1.0,0.3116531165311653,0.6829268292682927,0.3058510638297872,0.6702127659574468,-0.9431524547803618,-0.9909338168631007,0.25808602867622543,0.7355785261753918,0.2516254876462939,0.7171651495448634
-0.9225967540574282,-0.9893000445831476,0.26091205211726387,0.7306188925081433,0.25664851009291895,0.718679910285165,-1.0,-1.0,0.21052631578947367,0.7894736842105263,0.21052631578947367,0.7894736842105263,-0.9113018597997139,-0.9874673629242819,0.26477272727272727,0.7253787878787878,0.25985130111524163,0.7118959107806692,-1.0,-1.0,0.2372093023255814,0.7627906976744186,0.23665893271461716,0.7610208816705336,-0.9222082810539524,-0.9892280071813285,0.261225827597509,0.7302523762700753,0.2569310122501612,0.7182462927143778
-0.9315403422982885,-0.9931241942415127,0.2580441640378549,0.7340694006309149,0.2516923076923077,0.716,-1.0,-1.0,0.23809523809523808,0.7619047619047619,0.22727272727272727,0.7272727272727273,-0.9210526315789473,-0.9919839679358717,0.25286506469500925,0.7378927911275416,0.24622030237580994,0.7185025197984162,-0.9850746268656716,-1.0,0.28817204301075267,0.7118279569892473,0.2838983050847458,0.701271186440678,-0.931119311193112,-0.9930765902206837,0.2581771991108288,0.7338837726262305,0.25185873605947956,0.7159231722428748
-0.9468822170900693,-0.9894179894179894,0.2585846521349657,0.7336518363690654,0.2497116493656286,0.7084775086505191,-1.0,-1.0,0.3333333333333333,0.5833333333333334,0.3333333333333333,0.5833333333333334,-0.9423368740515933,-0.9893899204244032,0.2568199532346064,0.7346063912704599,0.24700149925037482,0.7065217391304348,-0.961352657004831,-0.9895104895104895,0.26436781609195403,0.7305236270753512,0.25875,0.715,-0.9463869463869464,-0.9893573475235367,0.2580451127819549,0.7347368421052631,0.24912891986062718,0.709349593495935
-0.9382978723404255,-0.9860519178612941,0.2650126867775585,0.7276571750775304,0.25627044711014174,0.7036532170119957,-1.0,-1.0,0.36666666666666664,0.6333333333333333,0.3548387096774194,0.6129032258064516,-0.920997920997921,-0.9777942264988897,0.2598595353862777,0.7298757428417072,0.2484504132231405,0.6978305785123967,-0.9564270152505446,-0.9951219512195122,0.2706367924528302,0.7252358490566038,0.26501154734411086,0.710161662817552,-0.93756727664155,-0.9859484777517564,0.2641455786181405,0.7284617571794143,0.25543029969755293,0.7044267253230685
-0.9559748427672956,-0.9884225759768451,0.2546036829463571,0.737656792100347,0.24549665465774576,0.7112712300566135,-1.0,-1.0,0.34210526315789475,0.6578947368421053,0.34210526315789475,0.6578947368421053,-0.9333333333333333,-0.9833333333333333,0.25267993874425726,0.7350689127105666,0.24140453547915142,0.7022677395757132,-0.967948717948718,-0.991130820399113,0.2556329373207702,0.7390413764850471,0.24771734815402938,0.7161572052401747,-0.9553666312433581,-0.9883169039795546,0.2537071987058506,0.7384739822054462,0.24454261954261955,0.7117983367983368
-0.9605734767025089,-0.9898305084745763,0.2723944349524042,0.7200390529655846,0.2590529247910863,0.6847725162488394,-1.0,-1.0,0.2571428571428571,0.7428571428571429,0.2571428571428571,0.7428571428571429,-0.9433198380566802,-0.9898819561551433,0.2902467685076381,0.6968272620446534,0.2693565976008724,0.6466739367502726,-0.9654775604142692,-0.989817564700891,0.2677141096734442,0.726124460874923,0.25626658802713065,0.6950751990563255,-0.960252935862692,-0.9897400820793434,0.2725258493353028,0.7198424421467258,0.25906857009127077,0.684296747016148
-0.9660755589822668,-0.9885196374622357,0.279887785930082,0.7142857142857143,0.26096579476861165,0.6659959758551308,-0.9512195121951219,-0.983739837398374,0.24550898203592814,0.7365269461077845,0.21693121693121692,0.6507936507936508,-0.9775280898876404,-1.0,0.2656716417910448,0.7343283582089553,0.2579710144927536,0.7130434782608696,-0.9652317880794702,-0.987597911227154,0.2809955803675273,0.7127238892765759,0.2611891891891892,0.6624864864864864,-0.9665605095541401,-0.9887041104486979,0.28117304678755317,0.7134542198343408,0.26270654674754235,0.6665969462455553
-0.9701492537313433,-0.9878048780487805,0.32123287671232875,0.673972602739726,0.2766961651917404,0.5805309734513274,-0.967479674796748,-0.973741794310722,0.347949080622348,0.6463932107496464,0.26652221018418204,0.49512459371614304,-1.0,-1.0,0.34065934065934067,0.6593406593406593,0.32978723404255317,0.6382978723404256,-0.9691289966923925,-0.9874213836477987,0.32060798868858253,0.6744432661717922,0.27518203883495146,0.5788834951456311,-0.9710982658959537,-0.9920582395764395,0.31269769543605963,0.6827835517397198,0.2805026347790839,0.612484799351439
-0.9111842105263158,-0.9888751545117429,0.2715497990174185,0.7226440375167485,0.2642329421990439,0.7031725336810083,-1.0,-1.0,0.5,0.5,0.5,0.5,-0.9003831417624522,-0.9872971065631616,0.2675550999487442,0.726294208098411,0.2595723520636499,0.704624564893088,-0.9767441860465116,-1.0,0.2986111111111111,0.6979166666666666,0.296551724137931,0.6931034482758621,-0.9105960264900662,-0.9888475836431226,0.2707306140744061,0.7234424025100852,0.26341037941561274,0.703881378107283
-0.9172413793103448,-0.9951865222623345,0.256978289765175,0.7363757199822774,0.25272331154684097,0.7241830065359477,-1.0,-1.0,0.2,0.8,0.2,0.8,-0.9058823529411765,-0.994583615436696,0.2547452547452547,0.7377622377622378,0.2503681885125184,0.7250859106529209,-1.0,-1.0,0.27450980392156865,0.7254901960784313,0.2713178294573643,0.7170542635658915,-0.917098445595855,-0.9951749095295537,0.2571047957371226,0.7362344582593251,0.25283842794759825,0.7240174672489083
-0.9298831385642737,-0.9909297052154195,0.2511530398322851,0.7396226415094339,0.24458962841976317,0.7202939975500204,1.0,-1.0,0.14285714285714285,0.8571428571428571,0.14285714285714285,0.8571428571428571,-0.9260700389105059,-0.9895629484670581,0.24842919284678588,0.7409376510391493,0.24108818011257035,0.7190431519699813,-0.9529411764705882,-1.0,0.2689873417721519,0.7310126582278481,0.26813880126182965,0.7287066246056783,-0.9331103678929766,-0.9908987485779295,0.2514718250630782,0.7392767031118587,0.24488124488124488,0.7199017199017199
-0.9295302013422819,-0.9886621315192744,0.25010490977759126,0.7402433906840118,0.24149108589951376,0.7147487844408428,-1.0,-1.0,0.2631578947368421,0.7368421052631579,0.2631578947368421,0.7368421052631579,-0.9142857142857143,-0.9876288659793815,0.2491103202846975,0.7397051347229283,0.23914104441190825,0.7101024890190337,-1.0,-0.9935275080906149,0.2548076923076923,0.7427884615384616,0.2529832935560859,0.7374701670644391,-0.9289340101522843,-0.9885714285714285,0.25,0.7402707275803723,0.24132298897509188,0.7145773785218457
-0.9383259911894273,-0.9879912663755459,0.2695961995249406,0.7252573238321457,0.26263015811801005,0.7065175472425762,-1.0,-1.0,0.1875,0.8125,0.1875,0.8125,-0.921760391198044,-0.983710407239819,0.26872536136662284,0.7260183968462549,0.2605095541401274,0.7038216560509554,-0.9632352941176471,-0.9944979367262724,0.27091633466135456,0.7241035856573705,0.26588465298142716,0.7106549364613881,-0.9380530973451328,-0.9879054425508521,0.2701195219123506,0.7247011952191235,0.2630966239813737,0.705859526581296
-0.9553072625698324,-0.9881016765819362,0.2774118558698179,0.7163889965129795,0.26766355140186915,0.691214953271028,-1.0,-1.0,0.23076923076923078,0.7692307692307693,0.23076923076923078,0.7692307692307693,-0.9609120521172638,-0.97712833545108,0.27732610659439927,0.7109304426377597,0.2623931623931624,0.6726495726495727,-0.9511002444987775,-0.9962335216572504,0.2774762550881954,0.7204884667571235,0.2717607973421927,0.7056478405315615,-0.9549295774647887,-0.9879715691634773,0.27788649706457924,0.7158512720156556,0.26802567006417516,0.6904492261230654
-0.9539918809201624,-0.9913669064748202,0.26002814919071077,0.7336382828993666,0.24974653599188915,0.7046299425481581,-1.0,-1.0,0.25925925925925924,0.7407407407407407,0.25925925925925924,0.7407407407407407,-0.908256880733945,-0.9858407079646018,0.2759493670886076,0.7151898734177216,0.26107784431137726,0.6766467065868264,-0.9731285988483686,-0.993421052631579,0.25389863547758285,0.7407407407407407,0.2452919020715631,0.7156308851224106,-0.953551912568306,-0.9912832929782083,0.2600355239786856,0.7335701598579041,0.24965893587994542,0.7042974079126876
-0.9567198177676538,-0.9899954524783993,0.2835917312661499,0.7102713178294574,0.26891271056661564,0.6735068912710567,-1.0,-1.0,0.5416666666666666,0.4583333333333333,0.52,0.44,-0.8918918918918919,-1.0,0.31092436974789917,0.6764705882352942,0.2862669245647969,0.6228239845261122,-0.9698630136986301,-0.988279168886521,0.2786259541984733,0.716412213740458,0.26564774381368267,0.6830422125181951,-0.9560693641618497,-0.9899451553930531,0.2815755208333333,0.7122395833333334,0.26697530864197533,0.6753086419753086
-0.967741935483871,-0.9903719912472647,0.2742496050552923,0.721958925750395,0.2557454331172658,0.6732469063052445,-0.8857142857142857,-0.9672131147540983,0.36082474226804123,0.6288659793814433,0.2892561983471074,0.5041322314049587,-1.0,-0.9689922480620154,0.3157894736842105,0.6789473684210526,0.3015075376884422,0.6482412060301508,-0.9653465346534653,-0.9916512059369202,0.2715966386554622,0.7247058823529412,0.25289514866979657,0.6748043818466354,-0.9711884753901561,-0.9910071942446043,0.2715123859191656,0.7249022164276402,0.2545065688970364,0.6794989306446685
-0.9770867430441899,-0.9864253393665159,0.31430041152263377,0.6820987654320988,0.27597109304426376,0.5989159891598916,-0.9444444444444444,-0.9846743295019157,0.35467980295566504,0.6428571428571429,0.27906976744186046,0.5058139534883721,-1.0,-1.0,0.40816326530612246,0.5918367346938775,0.40816326530612246,0.5918367346938775,-0.9763113367174281,-0.9861218195836546,0.31187335092348284,0.6844327176781002,0.27297921478060044,0.5990762124711316,-0.987152034261242,-0.9868544600938968,0.3036410923276983,0.6924577373211963,0.2750294464075383,0.627208480565371
-0.8909952606635071,-0.9854132901134521,0.25284601557819053,0.7393648891551827,0.24649532710280375,0.7207943925233645,0.0,-1.0,0.0,1.0,0.0,1.0,-0.8743169398907104,-0.9833641404805915,0.25051334702258726,0.7405886379192334,0.2436750998668442,0.7203728362183754,-1.0,-1.0,0.2692307692307692,0.7307692307692307,0.26666666666666666,0.7238095238095238,-0.8909952606635071,-0.9853777416734363,0.2533013205282113,0.7388955582232893,0.24692802808660036,0.7203042715038034
-0.897196261682243,-0.9922057677318784,0.2482598607888631,0.744199535962877,0.24304372515616127,0.7285633162975582,-1.0,-1.0,0.2857142857142857,0.7142857142857143,0.2857142857142857,0.7142857142857143,-0.8846153846153846,-0.991166077738516,0.24121935056328694,0.7501656726308814,0.23559870550161813,0.7326860841423948,-0.96875,-1.0,0.29767441860465116,0.7023255813953488,0.2962962962962963,0.6990740740740741,-0.8967136150234741,-0.9921752738654147,0.24810716365754223,0.7443214909726267,0.24287343215507412,0.7286202964652223
-0.961038961038961,-0.993480032599837,0.27144535840188017,0.7209165687426558,0.26324786324786326,0.6991452991452991,-1.0,-1.0,0.1111111111111111,0.8888888888888888,0.1111111111111111,0.8888888888888888,-0.9541984732824428,-0.9925788497217068,0.26482479784366575,0.7264150943396226,0.2561929595827901,0.7027379400260756,-1.0,-1.0,0.3165137614678899,0.6834862385321101,0.31221719457013575,0.6742081447963801,-0.9609544468546638,-0.9934372436423298,0.2722976963969285,0.7200236266981689,0.26403207331042383,0.6981672394043528
-0.9507186858316222,-0.9921445404556166,0.2748306997742664,0.7183972911963883,0.26641137855579866,0.6963894967177243,-1.0,-1.0,0.25,0.75,0.25,0.75,-0.9390243902439024,-0.9906432748538012,0.2751677852348993,0.7172818791946308,0.2645161290322581,0.6895161290322581,-0.9748427672955975,-0.9952153110047847,0.27413793103448275,0.7206896551724138,0.27040816326530615,0.7108843537414966,-0.9505154639175257,-0.9921073401736386,0.27494331065759636,0.7182539682539683,0.2664835164835165,0.6961538461538461
-0.9296066252587992,-0.9970674486803519,0.25967741935483873,0.7333333333333333,0.2516935904116727,0.7107868681605003,-1.0,-1.0,0.15384615384615385,0.8461538461538461,0.15384615384615385,0.8461538461538461,-0.918918918918919,-0.9969650986342944,0.24915824915824916,0.7396184062850729,0.23896663078579117,0.7093649085037675,-0.9386973180076629,-0.9971631205673759,0.2693498452012384,0.7275541795665634,0.2636363636363636,0.7121212121212122,-0.9293139293139293,-0.9970436067997044,0.26042230644288034,0.7325392528424473,0.25236096537250785,0.7098635886673662
-0.952,-0.994417306350314,0.2573340195573855,0.7375193000514668,0.24813895781637718,0.711166253101737,-1.0,-1.0,0.4,0.6,0.4,0.6,-0.9116022099447514,-0.9881422924901185,0.260431654676259,0.7280575539568346,0.24592391304347827,0.6875,-0.9749216300940439,-0.9978425026968716,0.25560897435897434,0.7427884615384616,0.24941360437842064,0.7247849882720876,-0.9510204081632653,-0.9943582510578279,0.25547445255474455,0.7393117831074035,0.24623115577889448,0.7125628140703517
-0.9650959860383944,-0.9959514170040485,0.2774818401937046,0.7176755447941888,0.2652777777777778,0.6861111111111111,-1.0,-1.0,0.38095238095238093,0.6190476190476191,0.36363636363636365,0.5909090909090909,-0.9574468085106383,-0.9941520467836257,0.28952772073921973,0.702258726899384,0.2640449438202247,0.6404494382022472,-0.9675925925925926,-0.9964912280701754,0.2737642585551331,0.7224334600760456,0.2656826568265683,0.7011070110701108,-0.9646017699115044,-0.9959155888359428,0.2764187866927593,0.7186888454011742,0.26426566884939195,0.6870907390084191
-0.9601328903654485,-0.9937616968184654,0.2710490769923458,0.7217469608284557,0.2551928783382789,0.6795252225519288,-1.0,-1.0,0.34782608695652173,0.6521739130434783,0.34782608695652173,0.6521739130434783,-0.851063829787234,-0.9823008849557522,0.29102167182662536,0.6996904024767802,0.26704545454545453,0.6420454545454546,-0.9803149606299213,-0.9956427015250545,0.26765015806111697,0.7255005268703899,0.25311410064773293,0.6860986547085202,-0.9595959595959596,-0.9937027707808564,0.27024567788899,0.7224749772520473,0.2542808219178082,0.6797945205479452
-0.972972972972973,-0.9913205207687539,0.29146608315098466,0.7059080962800875,0.2708418056120374,0.6559577063847092,-0.8461538461538461,-1.0,0.3611111111111111,0.6388888888888888,0.3058823529411765,0.5411764705882353,-1.0,-0.9753086419753086,0.2767857142857143,0.7232142857142857,0.2719298245614035,0.7105263157894737,-0.9716535433070866,-0.9921671018276762,0.2922227335480902,0.7050161067648413,0.27078891257995735,0.6533049040511727,-0.978125,-0.9910657306955967,0.28920018075011295,0.7080885675553548,0.2695871946082561,0.6600673967986521
-0.9795918367346939,-0.9911797133406836,0.3010752688172043,0.6966205837173579,0.2641509433962264,0.6111859838274932,-0.9058823529411765,-0.9881656804733728,0.3346456692913386,0.6653543307086615,0.2522255192878338,0.5014836795252225,-1.0,-1.0,0.3611111111111111,0.6388888888888888,0.35135135135135137,0.6216216216216216,-0.978891820580475,-0.9909502262443439,0.29936808846761453,0.69826224328594,0.2619212163096061,0.6109191430545957,-1.0,-0.991869918699187,0.2929389312977099,0.7041984732824428,0.26765475152571927,0.6434176111595467
-0.9329608938547486,-0.9938650306748467,0.26498889711324947,0.7239082161361954,0.260932944606414,0.7128279883381924,-1.0,-1.0,0.5,0.5,0.5,0.5,-0.9223300970873787,-0.9953757225433526,0.2601010101010101,0.7281144781144782,0.2555831265508685,0.7154673283705542,-1.0,-0.9823008849557522,0.3006134969325153,0.6932515337423313,0.3006134969325153,0.6932515337423313,-0.9325842696629213,-0.9938524590163934,0.2642910170749814,0.7245731254639941,0.260233918128655,0.7134502923976608
-0.9325153374233128,-0.9937106918238994,0.2529092319627618,0.7401086113266098,0.24753227031131358,0.724373576309795,0.0,-1.0,0.0,1.0,0.0,1.0,-0.9254237288135593,-0.9928486293206198,0.25809273840769903,0.7340332458442694,0.2527849185946872,0.7189374464438731,-1.0,-1.0,0.21232876712328766,0.7876712328767124,0.20666666666666667,0.7666666666666667,-0.9325153374233128,-0.9936908517350158,0.2534992223950233,0.73950233281493,0.2480974124809741,0.723744292237443
-0.927170868347339,-0.9958634953464323,0.268018018018018,0.725975975975976,0.2623071271124173,0.7105069801616458,0.0,-1.0,0.0,1.0,0.0,1.0,-0.9157894736842105,-0.9946452476572959,0.2745664739884393,0.7196531791907514,0.2676056338028169,0.7014084507042253,-0.9722222222222222,-1.0,0.24489795918367346,0.7482993197278912,0.24324324324324326,0.7432432432432432,-0.927170868347339,-0.995850622406639,0.2686230248306998,0.7253574115876599,0.26288659793814434,0.7098674521354934
-0.9693251533742331,-0.9859154929577465,0.24474474474474475,0.7462462462462462,0.23865300146412885,0.7276720351390923,-1.0,-1.0,0.3333333333333333,0.6666666666666666,0.3333333333333333,0.6666666666666666,-0.9679144385026738,-0.9857142857142858,0.24702774108322326,0.7397622192866579,0.23821656050955414,0.7133757961783439,-0.9712230215827338,-0.9861751152073732,0.2417391304347826,0.7547826086956522,0.23924268502581755,0.7469879518072289,-0.9690402476780186,-0.9858299595141701,0.24414210128495842,0.7467876039304611,0.2380250552689757,0.7280766396462786
-0.9565217391304348,-0.9938587512794268,0.27078734363502577,0.7189109639440765,0.2624821683309558,0.6968616262482168,-1.0,-1.0,0.38461538461538464,0.6153846153846154,0.38461538461538464,0.6153846153846154,-0.903448275862069,-0.9951690821256038,0.25528169014084506,0.7288732394366197,0.24369747899159663,0.6957983193277311,-0.9910313901345291,-0.9928952042628775,0.28192161820480405,0.7117572692793932,0.27633209417596033,0.6976456009913259,-0.9559228650137741,-0.9938080495356038,0.26968796433878156,0.7199108469539376,0.2613390928725702,0.6976241900647948
-0.9674418604651163,-0.9980952380952381,0.2887844190732035,0.7051712558764271,0.2754644458680333,0.672645739910314,-1.0,-1.0,0.3333333333333333,0.6666666666666666,0.3,0.6,-0.9398496240601504,-1.0,0.3144208037825059,0.6690307328605201,0.2835820895522388,0.603411513859275,-0.9797979797979798,-0.9973924380704041,0.27861163227016883,0.7195121951219512,0.27197802197802196,0.7023809523809523,-0.9672131147540983,-0.9980842911877394,0.2885135135135135,0.7054054054054054,0.2753062540296583,0.6731141199226306
-0.9562043795620438,-0.9930555555555556,0.25963360707517374,0.7277321541377132,0.2496962332928311,0.6998784933171325,-1.0,-1.0,0.47058823529411764,0.5294117647058824,0.47058823529411764,0.5294117647058824,-0.8936170212765957,-0.990909090909091,0.2919254658385093,0.6832298136645962,0.26704545454545453,0.625,-0.9747634069400631,-0.9935622317596566,0.2513877874702617,0.739095955590801,0.24497681607418856,0.7202472952086554,-0.9553349875930521,-0.9930008748906387,0.25734355044699875,0.7298850574712644,0.24739103744628607,0.7016574585635359
-0.9627039627039627,-0.9917218543046358,0.2604735883424408,0.7334547662416515,0.24528301886792453,0.6906803887935964,-1.0,-1.0,0.5,0.5,0.45454545454545453,0.45454545454545453,-0.8775510204081632,-1.0,0.23444976076555024,0.7416267942583732,0.21304347826086956,0.6739130434782609,-0.9736842105263158,-0.9905033238366572,0.26425591098748263,0.7322670375521557,0.250164581961817,0.6932192231731402,-0.9622641509433962,-0.9916874480465503,0.259010384850336,0.7348808796579108,0.24395857307249713,0.692174913693901
-0.9857142857142858,-0.9892952720785013,0.2706185567010309,0.7222938144329897,0.25089605734767023,0.6696535244922341,-1.0,-1.0,0.35555555555555557,0.6444444444444445,0.3018867924528302,0.5471698113207547,-1.0,-1.0,0.19230769230769232,0.7884615384615384,0.17857142857142858,0.7321428571428571,-0.9853658536585366,-0.9888888888888889,0.2733333333333333,0.72,0.25339925834363414,0.6674907292954264,-0.9851485148514851,-0.989010989010989,0.26808228268082285,0.7246184472461845,0.24922887106724245,0.6736582356570019
-1.0,-0.9728353140916808,0.2930011862396204,0.6986951364175563,0.2515274949083503,0.59979633401222,-1.0,-0.9,0.358974358974359,0.6410256410256411,0.2616822429906542,0.4672897196261682,-1.0,-1.0,0.2916666666666667,0.7083333333333334,0.28,0.68,-1.0,-0.972027972027972,0.29304029304029305,0.6984126984126984,0.2507836990595611,0.5977011494252874,-1.0,-0.9877300613496932,0.2780203784570597,0.7117903930131004,0.24869791666666666,0.63671875
-0.9061371841155235,-0.997229916897507,0.27562189054726366,0.718407960199005,0.2678916827852998,0.6982591876208898,0.0,-1.0,0.0,1.0,0.0,1.0,-0.8955823293172691,-0.9969558599695586,0.2730263157894737,0.7203947368421053,0.26517571884984026,0.6996805111821086,-1.0,-1.0,0.3010752688172043,0.6989247311827957,0.29473684210526313,0.6842105263157895,-0.9061371841155235,-0.9972222222222222,0.2761714855433699,0.7178464606181456,0.26841085271317827,0.6976744186046512
-0.9565217391304348,-0.9899117276166457,0.25555555555555554,0.7342592592592593,0.2518248175182482,0.7235401459854015,-1.0,-1.0,0.25,0.75,0.25,0.75,-0.9495798319327731,-0.9908256880733946,0.26356589147286824,0.7242524916943521,0.2589771490750816,0.7116430903155604,-1.0,-0.9856115107913669,0.21468926553672316,0.7853107344632768,0.21468926553672316,0.7853107344632768,-0.9563636363636364,-0.9898734177215189,0.2555762081784387,0.7342007434944238,0.2518315018315018,0.7234432234432234
-0.9395973154362416,-0.9875311720698254,0.2682268226822682,0.7218721872187218,0.26071741032370954,0.7016622922134733,-1.0,-1.0,0.14285714285714285,0.8571428571428571,0.14285714285714285,0.8571428571428571,-0.9148936170212766,-0.9805068226120858,0.2655367231638418,0.7245762711864406,0.2561307901907357,0.6989100817438693,-0.9818181818181818,-1.0,0.2729528535980149,0.71712158808933,0.26894865525672373,0.706601466992665,-0.9393939393939394,-0.9874371859296482,0.26902173913043476,0.7210144927536232,0.261443661971831,0.7007042253521126
-0.9366197183098591,-0.9918918918918919,0.2759961127308066,0.7191448007774538,0.26591760299625467,0.6928838951310862,-1.0,-1.0,0.3333333333333333,0.6666666666666666,0.3333333333333333,0.6666666666666666,-0.8699186991869918,-0.9829059829059829,0.25840336134453784,0.7373949579831933,0.24260355029585798,0.6923076923076923,-0.9875776397515528,-1.0,0.2911392405063291,0.7034358047016275,0.28698752228163993,0.6934046345811051,-0.9357142857142857,-0.9918032786885246,0.2753195673549656,0.7197640117994101,0.26515151515151514,0.6931818181818182
-0.9527027027027027,-0.9835164835164835,0.28654404646660214,0.7047434656340755,0.2768942937324602,0.6810102899906455,-1.0,-1.0,0.5,0.5,0.5,0.5,-0.9482758620689655,-0.9925650557620818,0.2966751918158568,0.6879795396419437,0.27751196172248804,0.6435406698564593,-0.9555555555555556,-0.9782135076252724,0.2803738317757009,0.7149532710280374,0.2764976958525346,0.7050691244239631,-0.9522184300341296,-0.983448275862069,0.28529698149951316,0.7059396299902629,0.2756349952963311,0.6820319849482597
-0.9493670886075949,-0.9899117276166457,0.2826475849731664,0.7093023255813954,0.2717110920034394,0.6818572656921754,-1.0,-1.0,0.4166666666666667,0.5833333333333334,0.4166666666666667,0.5833333333333334,-0.8913043478260869,-0.9733333333333334,0.2866043613707165,0.7009345794392523,0.26436781609195403,0.646551724137931,-0.9732142857142857,-0.9964788732394366,0.2810539523212045,0.71267252195734,0.2748466257668712,0.6969325153374233,-0.9485530546623794,-0.989821882951654,0.28119349005424954,0.7106690777576854,0.2701998262380539,0.6828844483058211
-0.9602649006622517,-0.9976359338061466,0.2610198789974071,0.7312013828867762,0.2504145936981758,0.7014925373134329,-1.0,-1.0,0.16666666666666666,0.8333333333333334,0.16666666666666666,0.8333333333333334,-0.9032258064516129,-0.9870967741935484,0.2818181818181818,0.7045454545454546,0.2572614107883817,0.6431535269709544,-0.975,-1.0,0.256136606189968,0.7374599786552828,0.24870466321243523,0.7160621761658031,-0.96,-0.9976076555023924,0.26200873362445415,0.7301310043668122,0.25125628140703515,0.7001675041876047
-0.9691358024691358,-0.9976825028968713,0.2706766917293233,0.720969089390142,0.25471698113207547,0.6784591194968553,-1.0,-1.0,0.625,0.375,0.625,0.375,-0.9411764705882353,-0.9772727272727273,0.272,0.704,0.2518518518518518,0.6518518518518519,-0.9724137931034482,-1.0,0.27052238805970147,0.7229477611940298,0.25505716798592787,0.6816182937554969,-0.9686520376175548,-0.9976744186046511,0.2682926829268293,0.7232968881412952,0.252373417721519,0.680379746835443
-0.9769452449567724,-0.9875156054931336,0.3012152777777778,0.6953125,0.2727987421383648,0.6297169811320755,-1.0,-1.0,0.3333333333333333,0.6666666666666666,0.2653061224489796,0.5306122448979592,-1.0,-1.0,0.23684210526315788,0.7631578947368421,0.21951219512195122,0.7073170731707317,-0.9763313609467456,-0.9870466321243523,0.30341113105924594,0.6929982046678635,0.2745735174654752,0.6271324126726239,-0.9760479041916168,-0.9870967741935484,0.3000898472596586,0.6963162623539982,0.27309893704006544,0.633687653311529
-1.0,-0.9943820224719101,0.26434426229508196,0.7295081967213115,0.21680672268907564,0.5983193277310924,-1.0,-1.0,0.35802469135802467,0.6296296296296297,0.2248062015503876,0.3953488372093023,-1.0,-1.0,0.2857142857142857,0.7142857142857143,0.2857142857142857,0.7142857142857143,-1.0,-0.9943019943019943,0.26403326403326405,0.7297297297297297,0.21598639455782312,0.5969387755102041,-1.0,-0.9934426229508196,0.2457002457002457,0.7493857493857494,0.2145922746781116,0.6545064377682404
-0.9689119170984456,-0.9928825622775801,0.2536136662286465,0.7385019710906702,0.24775353016688062,0.7214377406931964,0.0,-1.0,0.0,1.0,0.0,1.0,-0.9622641509433962,-0.996039603960396,0.2373134328358209,0.753731343283582,0.2314410480349345,0.735080058224163,-1.0,-0.9649122807017544,0.37362637362637363,0.6263736263736264,0.3695652173913043,0.6195652173913043,-0.9689119170984456,-0.9928443649373881,0.2546174142480211,0.737467018469657,0.24871134020618557,0.720360824742268
-0.963302752293578,-0.9893617021276596,0.27770700636942675,0.7184713375796178,0.2721598002496879,0.704119850187266,0.0,-1.0,0.0,1.0,0.0,1.0,-0.9487179487179487,-0.9848866498740554,0.2805755395683453,0.7140287769784173,0.2736842105263158,0.6964912280701754,-1.0,-1.0,0.27074235807860264,0.7292576419213974,0.2683982683982684,0.7229437229437229,-0.963302752293578,-0.9892857142857143,0.2791293213828425,0.7170294494238156,0.27352572145545795,0.7026348808030113
-0.9348837209302325,-0.9963702359346642,0.2799479166666667,0.7174479166666666,0.2749360613810742,0.7046035805626598,-1.0,-1.0,0.2,0.8,0.2,0.8,-0.9024390243902439,-0.9930555555555556,0.29927007299270075,0.7007299270072993,0.29009433962264153,0.6792452830188679,-0.9782608695652174,-1.0,0.25770308123249297,0.7366946778711485,0.2569832402234637,0.7346368715083799,-0.9345794392523364,-0.9963436928702011,0.2804718217562254,0.7169069462647444,0.2754182754182754,0.703989703989704
-0.9306930693069307,-0.9895287958115183,0.258974358974359,0.7346153846153847,0.2528160200250313,0.7171464330413017,-1.0,-1.0,0.42857142857142855,0.5714285714285714,0.42857142857142855,0.5714285714285714,-0.9375,-1.0,0.2831858407079646,0.7079646017699115,0.2719546742209632,0.6798866855524079,-0.9245283018867925,-0.9819819819819819,0.24036281179138322,0.7551020408163265,0.23766816143497757,0.7466367713004485,-0.9296482412060302,-0.9894551845342706,0.2574385510996119,0.7360931435963778,0.25126262626262624,0.7184343434343434
-0.896551724137931,-0.9963768115942029,0.29329962073324906,0.6978508217446271,0.2846625766871166,0.6773006134969325,-1.0,-1.0,0.3333333333333333,0.6666666666666666,0.3333333333333333,0.6666666666666666,-0.8227848101265823,-1.0,0.2947761194029851,0.6902985074626866,0.2801418439716312,0.6560283687943262,-0.934640522875817,-0.9945504087193461,0.2925430210325048,0.7017208413001912,0.2870544090056285,0.6885553470919324,-0.8961038961038961,-0.9963636363636363,0.29314720812182743,0.6979695431472082,0.28448275862068967,0.6773399014778325
-0.9217391304347826,-0.9968847352024922,0.26077097505668934,0.7278911564625851,0.25081788440567065,0.7001090512540894,-1.0,-1.0,0.6,0.4,0.6,0.4,-0.75,-1.0,0.2692307692307692,0.7115384615384616,0.24561403508771928,0.6491228070175439,-0.9770114942528736,-0.9959514170040485,0.258160237388724,0.7329376854599406,0.2525399129172714,0.7169811320754716,-0.920704845814978,-0.996875,0.2588369441277081,0.7297605473204105,0.24890350877192982,0.7017543859649122
-0.95,-1.0,0.2833530106257379,0.7107438016528925,0.267260579064588,0.6703786191536748,-1.0,-1.0,0.2,0.8,0.2,0.8,-0.8297872340425532,-1.0,0.3051948051948052,0.6818181818181818,0.26857142857142857,0.6,-0.9792746113989638,-1.0,0.2784992784992785,0.7171717171717171,0.2669432918395574,0.6874135546334716,-0.9495798319327731,-1.0,0.2843488649940263,0.7096774193548387,0.268018018018018,0.668918918918919
-0.9616858237547893,-1.0,0.28216216216216217,0.7124324324324325,0.26551373346897256,0.6703967446592065,-1.0,-1.0,0.5,0.5,0.5,0.5,-0.9354838709677419,-1.0,0.33695652173913043,0.6521739130434783,0.29523809523809524,0.5714285714285714,-0.9652173913043478,-1.0,0.27611044417767105,0.7190876350540216,0.2619589977220957,0.6822323462414579,-0.9606299212598425,-1.0,0.278814489571899,0.7156970362239298,0.26212590299277605,0.672858617131063
-0.9922480620155039,-0.9900662251655629,0.2989571263035921,0.6998841251448435,0.2727272727272727,0.638477801268499,-1.0,-1.0,0.4090909090909091,0.5909090909090909,0.391304347826087,0.5652173913043478,-1.0,-1.0,0.37037037037037035,0.6296296296296297,0.37037037037037035,0.6296296296296297,-0.9919354838709677,-0.989778534923339,0.2966507177033493,0.7021531100478469,0.26985854189336234,0.6387377584330794,-0.9919678714859438,-0.9898477157360406,0.29607609988109396,0.7027348394768134,0.26977248104008666,0.6403033586132177
-1.0,-1.0,0.3076923076923077,0.6923076923076923,0.25304136253041365,0.5693430656934306,-1.0,-1.0,0.35,0.65,0.23863636363636365,0.4431818181818182,-1.0,-1.0,0.5,0.5,0.5,0.5,-1.0,-1.0,0.30538922155688625,0.6946107784431138,0.25061425061425063,0.5700245700245701,-1.0,-1.0,0.29856115107913667,0.7014388489208633,0.25696594427244585,0.6037151702786377
-0.9080459770114943,-0.9954022988505747,0.28292682926829266,0.7073170731707317,0.27751196172248804,0.69377990430622,0.0,-1.0,0.0,1.0,0.0,0.5,-0.8896551724137931,-0.9943977591036415,0.2859960552268245,0.7041420118343196,0.2799227799227799,0.6891891891891891,-1.0,-1.0,0.26851851851851855,0.7222222222222222,0.26605504587155965,0.7155963302752294,-0.9080459770114943,-0.9953917050691244,0.28338762214983715,0.7068403908794788,0.2784,0.6944
-0.9030303030303031,-1.0,0.28596187175043325,0.6967071057192374,0.27638190954773867,0.6733668341708543,-1.0,-1.0,0.5,0.5,0.5,0.5,-0.8367346938775511,-1.0,0.2808022922636103,0.6905444126074498,0.2677595628415301,0.6584699453551912,-1.0,-1.0,0.29385964912280704,0.706140350877193,0.29004329004329005,0.696969696969697,-0.9024390243902439,-1.0,0.2852173913043478,0.697391304347826,0.27563025210084036,0.6739495798319328
-0.9171597633136095,-0.9955849889624724,0.2686804451510334,0.7201907790143084,0.26365054602184085,0.7067082683307332,0.0,-1.0,0.0,1.0,0.0,0.5,-0.8969072164948454,-0.9897435897435898,0.32441471571906355,0.6521739130434783,0.313915857605178,0.6310679611650486,-0.9444444444444444,-1.0,0.21818181818181817,0.7818181818181819,0.21686746987951808,0.7771084337349398,-0.9171597633136095,-0.995575221238938,0.26910828025477707,0.7197452229299363,0.2644757433489828,0.7073552425665102
-0.9708029197080292,-1.0,0.23580034423407917,0.7573149741824441,0.2257001647446458,0.7248764415156508,-1.0,-1.0,0.4,0.6,0.4,0.6,-0.9636363636363636,-1.0,0.25462962962962965,0.7361111111111112,0.23809523809523808,0.6883116883116883,-0.975609756097561,-1.0,0.22465753424657534,0.7698630136986301,0.21808510638297873,0.7473404255319149,-0.9703703703703703,-1.0,0.234375,0.7586805555555556,0.22425249169435216,0.7259136212624585
-0.9072847682119205,-0.9908466819221968,0.2559322033898305,0.7406779661016949,0.24512987012987014,0.7094155844155844,-1.0,-1.0,0.5714285714285714,0.42857142857142855,0.5714285714285714,0.42857142857142855,-0.8367346938775511,-0.9844961240310077,0.2752808988764045,0.7247191011235955,0.2552083333333333,0.671875,-0.9411764705882353,-0.9935064935064936,0.24757281553398058,0.7475728155339806,0.24056603773584906,0.7264150943396226,-0.9047619047619048,-0.9907834101382489,0.2521440823327616,0.7444253859348199,0.2413793103448276,0.7126436781609196
-0.9318181818181818,-0.9855769230769231,0.2957983193277311,0.6991596638655462,0.27804107424960506,0.6571879936808847,-1.0,-1.0,0.42857142857142855,0.5714285714285714,0.42857142857142855,0.5714285714285714,-0.7674418604651163,-1.0,0.31386861313868614,0.6715328467153284,0.27741935483870966,0.5935483870967742,-0.9849624060150376,-0.9814814814814815,0.2903930131004367,0.7074235807860262,0.27824267782426776,0.6778242677824268,-0.930635838150289,-0.9854368932038835,0.2942176870748299,0.7006802721088435,0.2763578274760383,0.65814696485623
-1.0,-0.9918864097363083,0.25411061285500747,0.7369207772795217,0.24182076813655762,0.701280227596017,-1.0,-1.0,0.25,0.75,0.2,0.6,-1.0,-0.9761904761904762,0.25862068965517243,0.7241379310344828,0.24,0.672,-1.0,-0.9951100244498777,0.25316455696202533,0.7396021699819169,0.2422145328719723,0.7076124567474048,-1.0,-0.9918367346938776,0.25413533834586466,0.7368421052631579,0.24212034383954154,0.7020057306590258
-0.9624413145539906,-0.9873684210526316,0.3078034682080925,0.6864161849710982,0.28475935828877,0.6350267379679144,-1.0,-1.0,0.6666666666666666,0.3333333333333333,0.6666666666666666,0.3333333333333333,-1.0,-0.9230769230769231,0.2463768115942029,0.7536231884057971,0.21518987341772153,0.6582278481012658,-0.9591836734693877,-0.9952718676122931,0.3146067415730337,0.6789727126805778,0.2929745889387145,0.6322869955156951,-0.9617224880382775,-0.9873150105708245,0.30466472303207,0.6895043731778425,0.2816711590296496,0.637466307277628
-0.9885057471264368,-1.0,0.2806451612903226,0.7161290322580646,0.2503597122302158,0.6388489208633094,-1.0,-1.0,0.5217391304347826,0.4782608695652174,0.4444444444444444,0.4074074074074074,-1.0,-1.0,0.23076923076923078,0.7692307692307693,0.20689655172413793,0.6896551724137931,-0.9880952380952381,-1.0,0.2828282828282828,0.7138047138047138,0.25225225225225223,0.6366366366366366,-0.9876543209876543,-1.0,0.271356783919598,0.7252931323283082,0.24251497005988024,0.6482035928143712
-1.0,-1.0,0.28793774319066145,0.7003891050583657,0.24503311258278146,0.5960264900662252,-1.0,-1.0,0.2777777777777778,0.6666666666666666,0.18181818181818182,0.43636363636363634,-1.0,-1.0,0.4444444444444444,0.5555555555555556,0.4444444444444444,0.5555555555555556,-1.0,-1.0,0.28225806451612906,0.7056451612903226,0.23890784982935154,0.5972696245733788,-1.0,-1.0,0.2895927601809955,0.7058823529411765,0.2591093117408907,0.631578947368421
-0.9478260869565217,-0.9898477157360406,0.22417153996101363,0.7680311890838206,0.22072936660268713,0.7562380038387716,-0.5,-1.0,0.25,0.75,0.25,0.75,-0.9512195121951219,-0.9850746268656716,0.23229461756373937,0.7592067988668555,0.22714681440443213,0.7423822714681441,-0.9393939393939394,-1.0,0.20625,0.7875,0.20625,0.7875,-0.963963963963964,-0.9895287958115183,0.22334004024144868,0.7686116700201208,0.2198019801980198,0.7564356435643564
-0.9577464788732394,-0.989041095890411,0.2784313725490196,0.7156862745098039,0.2689393939393939,0.6912878787878788,-1.0,-1.0,0.3333333333333333,0.6666666666666666,0.3333333333333333,0.6666666666666666,-0.9318181818181818,-0.9800995024875622,0.3024054982817869,0.6907216494845361,0.284789644012945,0.6504854368932039,-1.0,-1.0,0.2465753424657534,0.7488584474885844,0.2465753424657534,0.7488584474885844,-0.9574468085106383,-0.9889807162534435,0.2781065088757396,0.7159763313609467,0.26857142857142857,0.6914285714285714
-0.8688524590163934,-0.9893899204244032,0.24302788844621515,0.750996015936255,0.23597678916827852,0.7292069632495164,-1.0,-1.0,0.5,0.5,0.5,0.5,-0.8208955223880597,-0.9743589743589743,0.29910714285714285,0.6964285714285714,0.28270042194092826,0.6582278481012658,-0.9272727272727272,-1.0,0.19784172661870503,0.7949640287769785,0.19642857142857142,0.7892857142857143,-0.8677685950413223,-0.9893617021276596,0.242,0.752,0.23495145631067962,0.7300970873786408
-0.968,-0.9942528735632183,0.26371308016877637,0.7341772151898734,0.2540650406504065,0.7073170731707317,0.0,0.0,0.0,0.0,0.0,0.0,-0.9310344827586207,-1.0,0.31521739130434784,0.6793478260869565,0.29292929292929293,0.6313131313131313,-1.0,-0.9910313901345291,0.23103448275862068,0.7689655172413793,0.22789115646258504,0.7585034013605442,-0.968,-0.9942528735632183,0.26371308016877637,0.7341772151898734,0.2540650406504065,0.7073170731707317
-0.967741935483871,-1.0,0.2627118644067797,0.7351694915254238,0.2530612244897959,0.7081632653061225,-1.0,-1.0,0.3333333333333333,0.6666666666666666,0.3333333333333333,0.6666666666666666,-0.9411764705882353,-1.0,0.2677165354330709,0.7244094488188977,0.24285714285714285,0.6571428571428571,-0.9777777777777777,-1.0,0.2608695652173913,0.7391304347826086,0.2571428571428571,0.7285714285714285,-0.967479674796748,-1.0,0.2622601279317697,0.7356076759061834,0.25256673511293637,0.7084188911704312
-0.9594594594594594,-1.0,0.2756052141527002,0.7150837988826816,0.2624113475177305,0.6808510638297872,-1.0,-1.0,0.1111111111111111,0.8888888888888888,0.1111111111111111,0.8888888888888888,-0.9444444444444444,-1.0,0.29508196721311475,0.680327868852459,0.2647058823529412,0.6102941176470589,-0.9642857142857143,-1.0,0.26987951807228916,0.7253012048192771,0.2616822429906542,0.7032710280373832,-0.9591836734693877,-1.0,0.2784090909090909,0.7121212121212122,0.2648648648648649,0.6774774774774774
-0.987012987012987,-0.9897959183673469,0.279491833030853,0.7114337568058077,0.2668977469670711,0.6793760831889082,0.0,-1.0,0.0,1.0,0.0,1.0,-0.9230769230769231,-1.0,0.3333333333333333,0.6282051282051282,0.28888888888888886,0.5444444444444444,-1.0,-0.9883381924198251,0.27061310782241016,0.7251585623678647,0.26283367556468173,0.704312114989733,-0.987012987012987,-0.9897172236503856,0.28102189781021897,0.7098540145985401,0.2682926829268293,0.6777003484320557
-1.0,-0.9886039886039886,0.2719836400817996,0.7177914110429447,0.2509433962264151,0.6622641509433962,-1.0,-1.0,0.5,0.5,0.5,0.5,-1.0,-1.0,0.36585365853658536,0.6341463414634146,0.30612244897959184,0.5306122448979592,-1.0,-0.9876923076923076,0.26339285714285715,0.7254464285714286,0.24532224532224534,0.6756756756756757,-1.0,-0.9885386819484241,0.27010309278350514,0.7195876288659794,0.24904942965779467,0.6634980988593155
-1.0,-0.9821958456973294,0.3022774327122153,0.6977225672877847,0.2744360902255639,0.6334586466165414,-1.0,-1.0,0.5555555555555556,0.4444444444444444,0.3125,0.25,-1.0,-1.0,0.16666666666666666,0.8333333333333334,0.16666666666666666,0.8333333333333334,-1.0,-0.9813664596273292,0.30752688172043013,0.6924731182795699,0.2782101167315175,0.6264591439688716,-1.0,-0.9819819819819819,0.2974683544303797,0.7025316455696202,0.27325581395348836,0.6453488372093024
-1.0,-0.9821428571428571,0.2911392405063291,0.7088607594936709,0.25274725274725274,0.6153846153846154,-1.0,-1.0,0.1875,0.8125,0.0967741935483871,0.41935483870967744,-1.0,-1.0,0.25,0.75,0.25,0.75,-1.0,-0.981651376146789,0.2922077922077922,0.7077922077922078,0.25280898876404495,0.6123595505617978,-1.0,-0.9797979797979798,0.3028169014084507,0.6971830985915493,0.2847682119205298,0.6556291390728477
-0.926605504587156,-0.9923371647509579,0.29380053908355797,0.7035040431266847,0.28608923884514437,0.6850393700787402,-1.0,-1.0,0.4090909090909091,0.5909090909090909,0.391304347826087,0.5652173913043478,-0.8909090909090909,-0.9883720930232558,0.2412280701754386,0.7543859649122807,0.23404255319148937,0.7319148936170212,-0.9629629629629629,-1.0,0.3776223776223776,0.6223776223776224,0.3698630136986301,0.6095890410958904,-0.92,-0.9919354838709677,0.28653295128939826,0.7106017191977078,0.27932960893854747,0.6927374301675978
-0.9111111111111111,-1.0,0.24456521739130435,0.7391304347826086,0.23809523809523808,0.7195767195767195,-1.0,-1.0,0.5,0.5,0.5,0.5,-0.8636363636363636,-1.0,0.23529411764705882,0.7433155080213903,0.22797927461139897,0.7202072538860104,-0.9565217391304348,-1.0,0.2541436464088398,0.7348066298342542,0.24864864864864866,0.7189189189189189,-0.9101123595505618,-1.0,0.24316939890710382,0.7404371584699454,0.23670212765957446,0.7207446808510638
-0.8928571428571429,-0.9847908745247148,0.2978723404255319,0.699468085106383,0.2879177377892031,0.6760925449871465,0.0,-1.0,0.0,1.0,0.0,1.0,-0.8367346938775511,-0.9649122807017544,0.29878048780487804,0.6951219512195121,0.2784090909090909,0.6477272727272727,-0.9365079365079365,-1.0,0.2971698113207547,0.7028301886792453,0.29577464788732394,0.6995305164319249,-0.8928571428571429,-0.9846743295019157,0.2994652406417112,0.6978609625668449,0.28940568475452194,0.6744186046511628
-0.9689922480620154,-0.9922779922779923,0.329923273657289,0.6624040920716112,0.3146341463414634,0.6317073170731707,-1.0,-1.0,0.5,0.5,0.5,0.5,-0.92,-0.9736842105263158,0.390625,0.59375,0.352112676056338,0.5352112676056338,-1.0,-1.0,0.30038022813688214,0.6958174904942965,0.2947761194029851,0.6828358208955224,-0.9682539682539683,-0.9921875,0.32727272727272727,0.6649350649350649,0.3118811881188119,0.6336633663366337
-0.9111111111111111,-0.9864864864864865,0.23316062176165803,0.7668393782383419,0.22613065326633167,0.7437185929648241,-1.0,-1.0,0.5,0.5,0.5,0.5,-0.7,-0.9452054794520548,0.21505376344086022,0.7849462365591398,0.20202020202020202,0.7373737373737373,-0.9714285714285714,-1.0,0.23890784982935154,0.7610921501706485,0.23411371237458195,0.745819397993311,-0.9101123595505618,-0.9864406779661017,0.23177083333333334,0.7682291666666666,0.22474747474747475,0.7449494949494949
-0.963302752293578,-0.993127147766323,0.2718204488778055,0.7256857855361596,0.25952380952380955,0.6928571428571428,0.0,-1.0,0.0,1.0,0.0,1.0,-0.9130434782608695,-0.9696969696969697,0.25842696629213485,0.7415730337078652,0.23,0.66,-0.9767441860465116,-1.0,0.27564102564102566,0.7211538461538461,0.26875,0.703125,-0.963302752293578,-0.9930795847750865,0.2731829573934837,0.7243107769423559,0.2607655502392344,0.6913875598086124
-0.963963963963964,-0.9794520547945206,0.2727272727272727,0.7174447174447175,0.2642857142857143,0.6952380952380952,0.0,-1.0,0.0,1.0,0.0,1.0,-1.0,-0.9285714285714286,0.37777777777777777,0.6222222222222222,0.3333333333333333,0.5490196078431373,-0.9574468085106383,-0.9848484848484849,0.2596685082872928,0.7292817679558011,0.25474254742547425,0.7154471544715447,-0.963963963963964,-0.979381443298969,0.2733990147783251,0.7167487684729064,0.2649164677804296,0.6945107398568019
-0.9813084112149533,-0.9919354838709677,0.29971988795518206,0.6946778711484594,0.2853333333333333,0.6613333333333333,-1.0,-1.0,0.4,0.6,0.4,0.6,-1.0,-0.9230769230769231,0.2972972972972973,0.7027027027027027,0.2682926829268293,0.6341463414634146,-0.9791666666666666,-1.0,0.3,0.69375,0.2874251497005988,0.6646706586826348,-0.9809523809523809,-0.9918367346938776,0.29829545454545453,0.6960227272727273,0.28378378378378377,0.6621621621621622
-0.95,-1.0,0.25316455696202533,0.7468354430379747,0.2247191011235955,0.6629213483146067,-1.0,-1.0,0.5,0.5,0.25,0.25,-1.0,-1.0,0.2857142857142857,0.7142857142857143,0.25,0.625,-0.9487179487179487,-1.0,0.2524271844660194,0.7475728155339806,0.22413793103448276,0.6637931034482759,-0.9493670886075949,-1.0,0.2515923566878981,0.7484076433121019,0.22443181818181818,0.6676136363636364
-0.9428571428571428,-0.9722222222222222,0.32710280373831774,0.6728971962616822,0.2713178294573643,0.5581395348837209,-0.7142857142857143,-1.0,0.6363636363636364,0.36363636363636365,0.28,0.16,0.0,0.0,0.0,0.0,0.0,0.0,-0.9428571428571428,-0.9722222222222222,0.32710280373831774,0.6728971962616822,0.2713178294573643,0.5581395348837209,-1.0,-0.9705882352941176,0.2916666666666667,0.7083333333333334,0.2692307692307692,0.6538461538461539
-0.9111111111111111,-0.9915611814345991,0.2735562310030395,0.7203647416413373,0.2694610778443114,0.7095808383233533,-1.0,-1.0,0.17567567567567569,0.8243243243243243,0.17567567567567569,0.8243243243243243,-0.9069767441860465,-0.9818181818181818,0.27741935483870966,0.7096774193548387,0.26875,0.6875,-0.9148936170212766,-1.0,0.27011494252873564,0.7298850574712644,0.27011494252873564,0.7298850574712644,-0.8961038961038961,-0.9886363636363636,0.30196078431372547,0.6901960784313725,0.29615384615384616,0.676923076923077
-0.864406779661017,-0.9704433497536946,0.22014925373134328,0.7574626865671642,0.21454545454545454,0.7381818181818182,-1.0,-1.0,0.3,0.7,0.3,0.7,-0.6363636363636364,-0.9578947368421052,0.18181818181818182,0.7851239669421488,0.171875,0.7421875,-1.0,-0.9814814814814815,0.25170068027210885,0.7346938775510204,0.25170068027210885,0.7346938775510204,-0.8571428571428571,-0.9693877551020408,0.21705426356589147,0.7596899224806202,0.21132075471698114,0.7396226415094339
-0.9746835443037974,-0.9903846153846154,0.2696245733788396,0.7098976109215017,0.26245847176079734,0.6910299003322259,-1.0,-1.0,0.5,0.5,0.5,0.5,-0.9130434782608695,-1.0,0.21904761904761905,0.7333333333333333,0.20535714285714285,0.6875,-1.0,-0.9847328244274809,0.2978723404255319,0.6968085106382979,0.2962962962962963,0.6931216931216931,-0.9743589743589743,-0.9903381642512077,0.26804123711340205,0.711340206185567,0.2608695652173913,0.6923076923076923
-0.9058823529411765,-1.0,0.2961672473867596,0.6968641114982579,0.2842809364548495,0.6688963210702341,-1.0,0.0,1.0,0.0,1.0,0.0,-0.7857142857142857,-1.0,0.34146341463414637,0.6463414634146342,0.3146067415730337,0.5955056179775281,-0.9649122807017544,-1.0,0.2780487804878049,0.7170731707317073,0.2714285714285714,0.7,-0.9047619047619048,-1.0,0.2937062937062937,0.6993006993006993,0.28187919463087246,0.6711409395973155
-0.8536585365853658,-0.9902439024390244,0.2847222222222222,0.7118055555555556,0.2751677852348993,0.6879194630872483,-1.0,0.0,1.0,0.0,1.0,0.0,-0.5555555555555556,-0.9459459459459459,0.32727272727272727,0.6727272727272727,0.3,0.6166666666666667,-0.9375,-1.0,0.27467811158798283,0.721030042918455,0.2689075630252101,0.7058823529411765,-0.8518518518518519,-0.9902439024390244,0.28222996515679444,0.7142857142857143,0.2727272727272727,0.6902356902356902
-0.9294117647058824,-0.990521327014218,0.2842809364548495,0.705685618729097,0.27419354838709675,0.6806451612903226,0.0,-1.0,0.0,1.0,0.0,1.0,-0.5,-0.9523809523809523,0.21818181818181817,0.7636363636363637,0.2033898305084746,0.711864406779661,-1.0,-1.0,0.29918032786885246,0.6926229508196722,0.2908366533864542,0.6733067729083665,-0.9294117647058824,-0.9904761904761905,0.28523489932885904,0.7046979865771812,0.2750809061488673,0.6796116504854369
-0.9555555555555556,-1.0,0.3010033444816054,0.68561872909699,0.28391167192429023,0.6466876971608833,-1.0,-1.0,0.3333333333333333,0.6666666666666666,0.3333333333333333,0.6666666666666666,-1.0,-1.0,0.2857142857142857,0.6666666666666666,0.2608695652173913,0.6086956521739131,-0.9487179487179487,-1.0,0.3035019455252918,0.688715953307393,0.2878228782287823,0.6531365313653137,-0.9545454545454546,-1.0,0.3003412969283277,0.6860068259385665,0.2829581993569132,0.6463022508038585
-0.978494623655914,-0.9895833333333334,0.32517482517482516,0.6713286713286714,0.2990353697749196,0.617363344051447,0.0,-1.0,0.0,1.0,0.0,1.0,-1.0,-1.0,0.23076923076923078,0.7692307692307693,0.1875,0.625,-0.9770114942528736,-0.9883720930232558,0.3346153846153846,0.6615384615384615,0.3118279569892473,0.6164874551971327,-0.978494623655914,-0.9895287958115183,0.3263157894736842,0.6701754385964912,0.3,0.6161290322580645
-0.9696969696969697,-0.9735099337748344,0.30275229357798167,0.6926605504587156,0.264,0.604,-1.0,-1.0,0.5,0.5,0.25,0.25,-1.0,-1.0,0.16666666666666666,0.8333333333333334,0.14285714285714285,0.7142857142857143,-0.9692307692307692,-0.9726027397260274,0.30660377358490565,0.6886792452830188,0.2674897119341564,0.6008230452674898,-0.9692307692307692,-0.9733333333333334,0.30092592592592593,0.6944444444444444,0.26422764227642276,0.6097560975609756
-1.0,-1.0,0.3382352941176471,0.6617647058823529,0.26436781609195403,0.5172413793103449,-1.0,-1.0,0.5555555555555556,0.4444444444444444,0.3333333333333333,0.26666666666666666,-1.0,0.0,1.0,0.0,1.0,0.0,-1.0,-1.0,0.3283582089552239,0.6716417910447762,0.2558139534883721,0.5232558139534884,-1.0,-1.0,0.3050847457627119,0.6949152542372882,0.25,0.5694444444444444
-0.8805970149253731,-1.0,0.28879310344827586,0.7068965517241379,0.2838983050847458,0.6949152542372882,-0.875,-1.0,0.2807017543859649,0.7192982456140351,0.27586206896551724,0.7068965517241379,-0.8,-1.0,0.25862068965517243,0.7327586206896551,0.25210084033613445,0.7142857142857143,-0.9459459459459459,-1.0,0.31896551724137934,0.6810344827586207,0.3162393162393162,0.6752136752136753,-0.8823529411764706,-1.0,0.2914285714285714,0.7028571428571428,0.28651685393258425,0.6910112359550562
-0.8518518518518519,-0.9891304347826086,0.225,0.7666666666666667,0.21686746987951808,0.7389558232931727,-1.0,-1.0,0.18421052631578946,0.8157894736842105,0.1794871794871795,0.7948717948717948,-0.7272727272727273,-0.9726027397260274,0.2268041237113402,0.7525773195876289,0.21359223300970873,0.7087378640776699,-0.9375,-1.0,0.22377622377622378,0.7762237762237763,0.2191780821917808,0.7602739726027398,-0.8297872340425532,-0.9869281045751634,0.23267326732673269,0.7574257425742574,0.22380952380952382,0.7285714285714285
-0.9629629629629629,-1.0,0.23893805309734514,0.7522123893805309,0.23478260869565218,0.7391304347826086,0.0,-1.0,0.0,1.0,0.0,1.0,-0.8947368421052632,-1.0,0.2345679012345679,0.7530864197530864,0.2261904761904762,0.7261904761904762,-1.0,-1.0,0.2413793103448276,0.7517241379310344,0.23972602739726026,0.7465753424657534,-0.9629629629629629,-1.0,0.24324324324324326,0.7477477477477478,0.23893805309734514,0.7345132743362832
-0.8787878787878788,-1.0,0.2857142857142857,0.7056277056277056,0.27385892116182575,0.6763485477178424,0.0,0.0,0.0,0.0,0.0,0.0,-0.6470588235294118,-1.0,0.2328767123287671,0.7534246575342466,0.21794871794871795,0.7051282051282052,-0.9591836734693877,-1.0,0.310126582278481,0.6835443037974683,0.3006134969325153,0.6625766871165644,-0.8787878787878788,-1.0,0.2857142857142857,0.7056277056277056,0.27385892116182575,0.6763485477178424
-0.9240506329113924,-1.0,0.32113821138211385,0.6585365853658537,0.3062015503875969,0.627906976744186,0.0,-1.0,0.0,1.0,0.0,1.0,-0.75,-1.0,0.2807017543859649,0.6666666666666666,0.25,0.59375,-0.9682539682539683,-1.0,0.3333333333333333,0.656084656084656,0.3247422680412371,0.6391752577319587,-0.9240506329113924,-1.0,0.3237704918032787,0.6557377049180327,0.30859375,0.625
-0.9354838709677419,-0.988950276243094,0.25203252032520324,0.7357723577235772,0.23754789272030652,0.6934865900383141,0.0,-1.0,0.0,1.0,0.0,1.0,-0.8095238095238095,-1.0,0.375,0.5892857142857143,0.3387096774193548,0.532258064516129,-1.0,-0.9864864864864865,0.21578947368421053,0.7789473684210526,0.20603015075376885,0.7437185929648241,-0.9354838709677419,-0.9887005649717514,0.256198347107438,0.731404958677686,0.24124513618677043,0.688715953307393
-0.9298245614035088,-1.0,0.24568965517241378,0.7456896551724138,0.23170731707317074,0.7032520325203252,0.0,-1.0,0.0,1.0,0.0,1.0,-0.7777777777777778,-1.0,0.3103448275862069,0.6206896551724138,0.2647058823529412,0.5294117647058824,-0.9583333333333334,-1.0,0.23645320197044334,0.7635467980295566,0.22641509433962265,0.7311320754716981,-0.9298245614035088,-1.0,0.25,0.7412280701754386,0.23553719008264462,0.6983471074380165
-1.0,-1.0,0.2489451476793249,0.7510548523206751,0.23790322580645162,0.717741935483871,0.0,-1.0,0.0,1.0,0.0,1.0,-1.0,-1.0,0.21428571428571427,0.7857142857142857,0.1875,0.6875,-1.0,-1.0,0.25112107623318386,0.7488789237668162,0.2413793103448276,0.7198275862068966,-1.0,-1.0,0.25213675213675213,0.7478632478632479,0.24081632653061225,0.7142857142857143
-0.9333333333333333,-1.0,0.3614457831325301,0.6385542168674698,0.31413612565445026,0.5549738219895288,0.0,-1.0,0.0,1.0,0.0,0.375,0.0,-1.0,0.0,1.0,0.0,1.0,-0.9333333333333333,-1.0,0.36585365853658536,0.6341463414634146,0.31746031746031744,0.5502645502645502,-0.9333333333333333,-1.0,0.36809815950920244,0.6319018404907976,0.32786885245901637,0.5628415300546448
-1.0,-1.0,0.22641509433962265,0.7735849056603774,0.20689655172413793,0.7068965517241379,-1.0,-1.0,0.14285714285714285,0.8571428571428571,0.1111111111111111,0.6666666666666666,-1.0,-1.0,0.6666666666666666,0.3333333333333333,0.6666666666666666,0.3333333333333333,-1.0,-1.0,0.2,0.8,0.18181818181818182,0.7272727272727273,-1.0,-1.0,0.2391304347826087,0.7608695652173914,0.22448979591836735,0.7142857142857143
-0.9245283018867925,-0.9703703703703703,0.2760416666666667,0.703125,0.2676767676767677,0.6818181818181818,-1.0,-1.0,0.11666666666666667,0.8833333333333333,0.11475409836065574,0.8688524590163934,-0.84,-0.9111111111111111,0.33783783783783783,0.6081081081081081,0.31645569620253167,0.569620253164557,-1.0,-1.0,0.23728813559322035,0.7627118644067796,0.23529411764705882,0.7563025210084033,-0.9130434782608695,-0.9512195121951219,0.3484848484848485,0.6212121212121212,0.3357664233576642,0.5985401459854015
-0.96875,-1.0,0.31683168316831684,0.6782178217821783,0.3004694835680751,0.6431924882629108,-0.8181818181818182,-1.0,0.2894736842105263,0.7105263157894737,0.28205128205128205,0.6923076923076923,-1.0,-1.0,0.29333333333333333,0.6933333333333334,0.26506024096385544,0.6265060240963856,-0.9523809523809523,-1.0,0.33070866141732286,0.6692913385826772,0.3230769230769231,0.6538461538461539,-1.0,-1.0,0.3231707317073171,0.6707317073170732,0.3045977011494253,0.632183908045977
-0.92,-1.0,0.2717391304347826,0.717391304347826,0.26455026455026454,0.6984126984126984,-1.0,-1.0,0.25,0.75,0.25,0.75,-0.75,-1.0,0.25396825396825395,0.7142857142857143,0.24615384615384617,0.6923076923076923,-1.0,-1.0,0.2809917355371901,0.71900826446281,0.27419354838709675,0.7016129032258065,-0.9183673469387755,-1.0,0.2722222222222222,0.7166666666666667,0.2648648648648649,0.6972972972972973
-0.9272727272727272,-1.0,0.2696078431372549,0.7205882352941176,0.25943396226415094,0.6933962264150944,-1.0,0.0,1.0,0.0,1.0,0.0,-0.7777777777777778,-1.0,0.2857142857142857,0.6825396825396826,0.26865671641791045,0.6417910447761194,-1.0,-1.0,0.2624113475177305,0.7375886524822695,0.25517241379310346,0.7172413793103448,-0.9259259259259259,-1.0,0.2660098522167488,0.7241379310344828,0.2559241706161137,0.6966824644549763
-1.0,-0.9847328244274809,0.30927835051546393,0.6752577319587629,0.28708133971291866,0.6267942583732058,0.0,0.0,0.0,0.0,0.0,0.0,-1.0,-1.0,0.41025641025641024,0.5641025641025641,0.32653061224489793,0.4489795918367347,-1.0,-0.981651376146789,0.2838709677419355,0.7032258064516129,0.275,0.68125,-1.0,-0.9847328244274809,0.30927835051546393,0.6752577319587629,0.28708133971291866,0.6267942583732058
-1.0,-1.0,0.19895287958115182,0.8010471204188482,0.19095477386934673,0.7688442211055276,0.0,-1.0,0.0,1.0,0.0,1.0,-1.0,-1.0,0.2,0.8,0.16666666666666666,0.6666666666666666,-1.0,-1.0,0.19875776397515527,0.8012422360248447,0.19631901840490798,0.7914110429447853,-1.0,-1.0,0.20105820105820105,0.798941798941799,0.19289340101522842,0.766497461928934
-0.9692307692307692,-1.0,0.3170731707317073,0.6829268292682927,0.3037383177570093,0.6542056074766355,-1.0,-1.0,0.3333333333333333,0.6666666666666666,0.3333333333333333,0.6666666666666666,-1.0,-1.0,0.4230769230769231,0.5769230769230769,0.34375,0.46875,-0.9629629629629629,-1.0,0.3016759776536313,0.6983240223463687,0.2967032967032967,0.6868131868131868,-0.96875,-1.0,0.31683168316831684,0.6831683168316832,0.3033175355450237,0.6540284360189573
-0.9272727272727272,-1.0,0.3179190751445087,0.6763005780346821,0.2879581151832461,0.612565445026178,-1.0,0.0,1.0,0.0,1.0,0.0,-1.0,-1.0,0.4444444444444444,0.5555555555555556,0.36363636363636365,0.45454545454545453,-0.9215686274509803,-1.0,0.31097560975609756,0.6829268292682927,0.2833333333333333,0.6222222222222222,-0.9259259259259259,-1.0,0.313953488372093,0.6802325581395349,0.28421052631578947,0.6157894736842106
-1.0,-0.9775280898876404,0.32575757575757575,0.6742424242424242,0.27741935483870966,0.5741935483870968,0.0,-1.0,0.0,1.0,0.0,1.0,0.0,-1.0,0.0,1.0,0.0,0.5,-1.0,-0.9772727272727273,0.3282442748091603,0.6717557251908397,0.28104575163398693,0.5751633986928104,-1.0,-0.9770114942528736,0.33076923076923076,0.6692307692307692,0.28104575163398693,0.5686274509803921
-1.0,-1.0,0.3333333333333333,0.6666666666666666,0.2391304347826087,0.4782608695652174,-1.0,-1.0,0.3333333333333333,0.6666666666666666,0.2857142857142857,0.5714285714285714,0.0,0.0,0.0,0.0,0.0,0.0,-1.0,-1.0,0.3333333333333333,0.6666666666666666,0.2391304347826087,0.4782608695652174,-1.0,-1.0,0.3333333333333333,0.6666666666666666,0.23076923076923078,0.46153846153846156
